id,nombre,marca,categoria,precio_mxn,stock,descripcion,imagen_url
1,Yamaha Clavinova Pro 260,Yamaha,Pianos,49499.99,11,"Piano de calidad profesional con mecanismo de acción refinado, ideal para intérpretes exigentes y espacios de concierto o estudio. Modelo Clavinova en color natural, con acabado pro.",https://placehold.co/500x500/1a1a1a/ffffff/png?text=Yamaha+Pianos&font=roboto
2,Yamaha DGX Custom 442,Yamaha,Teclados,5309.99,11,"Teclado versátil con amplia biblioteca de sonidos, ideal para práctica, composición y presentaciones en vivo. Modelo DGX en color transparente, con acabado custom.",https://placehold.co/500x500/1a1a1a/ffffff/png?text=Yamaha+Teclados&font=roboto
3,Yamaha FS Plus 626,Yamaha,Guitarras Acústicas,3999.99,13,"Guitarra acústica con cuerpo resonante y acabado cuidado, perfecta para grabación y presentaciones en vivo. Modelo FS en color vino, con acabado plus.",https://placehold.co/500x500/1a1a1a/ffffff/png?text=Yamaha+Guitarras+Acústicas&font=roboto
4,Yamaha YSL Edition 469,Yamaha,Instrumentos de Viento,37829.99,10,"Instrumento de viento con afinación estable y respuesta cómoda en todos los registros. Modelo YSL en color azul océano, con acabado edition.",https://placehold.co/500x500/1a1a1a/ffffff/png?text=Yamaha+Instrumentos+de+Viento&font=roboto
5,Yamaha Recording Custom Edition 294,Yamaha,Baterías,15309.99,15,"Batería acústica con cascos de calidad y herrajes resistentes, lista para estudio o escenario. Modelo Recording Custom en color rojo cereza, con acabado edition.",https://placehold.co/500x500/1a1a1a/ffffff/png?text=Yamaha+Baterías&font=roboto
6,Yamaha Stagepass Custom 109,Yamaha,Audio,9939.99,15,"Equipo de audio profesional pensado para monitoreo y grabación con fidelidad de estudio. Modelo Stagepass en color gris metálico, con acabado custom.",https://placehold.co/500x500/1a1a1a/ffffff/png?text=Yamaha+Audio&font=roboto
7,Yamaha TransAcoustic Signature 757,Yamaha,Pianos,89189.99,11,"Piano de calidad profesional con mecanismo de acción refinado, ideal para intérpretes exigentes y espacios de concierto o estudio. Modelo TransAcoustic en color negro, con acabado signature.",https://placehold.co/500x500/1a1a1a/ffffff/png?text=Yamaha+Pianos&font=roboto
8,Yamaha Modx Custom 310,Yamaha,Teclados,38009.99,19,"Teclado versátil con amplia biblioteca de sonidos, ideal para práctica, composición y presentaciones en vivo. Modelo Modx en color vino, con acabado custom.",https://placehold.co/500x500/1a1a1a/ffffff/png?text=Yamaha+Teclados&font=roboto
9,Yamaha APX II 56,Yamaha,Guitarras Acústicas,15739.99,14,"Guitarra acústica con cuerpo resonante y acabado cuidado, perfecta para grabación y presentaciones en vivo. Modelo APX en color sunburst, con acabado ii.",https://placehold.co/500x500/1a1a1a/ffffff/png?text=Yamaha+Guitarras+Acústicas&font=roboto
10,Yamaha YAS Plus 399,Yamaha,Instrumentos de Viento,21019.99,20,"Instrumento de viento con afinación estable y respuesta cómoda en todos los registros. Modelo YAS en color sunburst, con acabado plus.",https://placehold.co/500x500/1a1a1a/ffffff/png?text=Yamaha+Instrumentos+de+Viento&font=roboto
11,Yamaha Rydeen Classic 373,Yamaha,Baterías,17849.99,14,"Batería acústica con cascos de calidad y herrajes resistentes, lista para estudio o escenario. Modelo Rydeen en color rojo cereza, con acabado classic.",https://placehold.co/500x500/1a1a1a/ffffff/png?text=Yamaha+Baterías&font=roboto
12,Yamaha Stagepass Classic 756,Yamaha,Audio,7259.99,17,"Equipo de audio profesional pensado para monitoreo y grabación con fidelidad de estudio. Modelo Stagepass en color vino, con acabado classic.",https://placehold.co/500x500/1a1a1a/ffffff/png?text=Yamaha+Audio&font=roboto
13,Yamaha C3X Signature 234,Yamaha,Pianos,127019.99,10,"Piano de calidad profesional con mecanismo de acción refinado, ideal para intérpretes exigentes y espacios de concierto o estudio. Modelo C3X en color vino, con acabado signature.",https://placehold.co/500x500/1a1a1a/ffffff/png?text=Yamaha+Pianos&font=roboto
14,Yamaha Genos Standard 420,Yamaha,Teclados,14979.99,13,"Teclado versátil con amplia biblioteca de sonidos, ideal para práctica, composición y presentaciones en vivo. Modelo Genos en color rojo cereza, con acabado standard.",https://placehold.co/500x500/1a1a1a/ffffff/png?text=Yamaha+Teclados&font=roboto
15,Yamaha Storia Deluxe 681,Yamaha,Guitarras Acústicas,12739.99,20,"Guitarra acústica con cuerpo resonante y acabado cuidado, perfecta para grabación y presentaciones en vivo. Modelo Storia en color azul océano, con acabado deluxe.",https://placehold.co/500x500/1a1a1a/ffffff/png?text=Yamaha+Guitarras+Acústicas&font=roboto
16,Yamaha YFL Elite 152,Yamaha,Instrumentos de Viento,19319.99,18,"Instrumento de viento con afinación estable y respuesta cómoda en todos los registros. Modelo YFL en color natural, con acabado elite.",https://placehold.co/500x500/1a1a1a/ffffff/png?text=Yamaha+Instrumentos+de+Viento&font=roboto
17,Yamaha Rydeen Edition 418,Yamaha,Baterías,25019.99,12,"Batería acústica con cascos de calidad y herrajes resistentes, lista para estudio o escenario. Modelo Rydeen en color transparente, con acabado edition.",https://placehold.co/500x500/1a1a1a/ffffff/png?text=Yamaha+Baterías&font=roboto
18,Yamaha AG Custom 891,Yamaha,Audio,4079.99,20,"Equipo de audio profesional pensado para monitoreo y grabación con fidelidad de estudio. Modelo AG en color negro, con acabado custom.",https://placehold.co/500x500/1a1a1a/ffffff/png?text=Yamaha+Audio&font=roboto
19,Fender Telecaster Edition 75,Fender,Guitarras Eléctricas,42089.99,19,"Guitarra eléctrica con pastillas de alta definición y acabado premium, pensada para escenarios exigentes. Modelo Telecaster en color transparente, con acabado edition.",https://placehold.co/500x500/1a1a1a/ffffff/png?text=Fender+Guitarras+Eléctricas&font=roboto
20,Fender Precision Bass Signature 891,Fender,Bajos Eléctricos,66549.99,20,"Bajo eléctrico con gran proyección de graves y ergonomía pensada para largas sesiones de tocada. Modelo Precision Bass en color vino, con acabado signature.",https://placehold.co/500x500/1a1a1a/ffffff/png?text=Fender+Bajos+Eléctricos&font=roboto
21,Fender Champion Signature 124,Fender,Amplificadores,16039.99,12,"Amplificador con tono cálido y controles intuitivos, ideal tanto para ensayo como para conciertos. Modelo Champion en color rojo cereza, con acabado signature.",https://placehold.co/500x500/1a1a1a/ffffff/png?text=Fender+Amplificadores&font=roboto
22,Fender Newporter Pro 522,Fender,Guitarras Acústicas,24049.99,18,"Guitarra acústica con cuerpo resonante y acabado cuidado, perfecta para grabación y presentaciones en vivo. Modelo Newporter en color natural, con acabado pro.",https://placehold.co/500x500/1a1a1a/ffffff/png?text=Fender+Guitarras+Acústicas&font=roboto
23,Fender Stratocaster Vintage 633,Fender,Guitarras Eléctricas,26109.99,15,"Guitarra eléctrica con pastillas de alta definición y acabado premium, pensada para escenarios exigentes. Modelo Stratocaster en color vino, con acabado vintage.",https://placehold.co/500x500/1a1a1a/ffffff/png?text=Fender+Guitarras+Eléctricas&font=roboto
24,Fender Jazz Bass Pro 341,Fender,Bajos Eléctricos,39319.99,11,"Bajo eléctrico con gran proyección de graves y ergonomía pensada para largas sesiones de tocada. Modelo Jazz Bass en color transparente, con acabado pro.",https://placehold.co/500x500/1a1a1a/ffffff/png?text=Fender+Bajos+Eléctricos&font=roboto
25,Fender Blues Junior Vintage 69,Fender,Amplificadores,13879.99,19,"Amplificador con tono cálido y controles intuitivos, ideal tanto para ensayo como para conciertos. Modelo Blues Junior en color azul océano, con acabado vintage.",https://placehold.co/500x500/1a1a1a/ffffff/png?text=Fender+Amplificadores&font=roboto
26,Fender CD-60S Custom 845,Fender,Guitarras Acústicas,6739.99,18,"Guitarra acústica con cuerpo resonante y acabado cuidado, perfecta para grabación y presentaciones en vivo. Modelo CD-60S en color dorado, con acabado custom.",https://placehold.co/500x500/1a1a1a/ffffff/png?text=Fender+Guitarras+Acústicas&font=roboto
27,Fender Telecaster Elite 979,Fender,Guitarras Eléctricas,56289.99,14,"Guitarra eléctrica con pastillas de alta definición y acabado premium, pensada para escenarios exigentes. Modelo Telecaster en color dorado, con acabado elite.",https://placehold.co/500x500/1a1a1a/ffffff/png?text=Fender+Guitarras+Eléctricas&font=roboto
28,Fender American Ultra Bass Edition 961,Fender,Bajos Eléctricos,42359.99,13,"Bajo eléctrico con gran proyección de graves y ergonomía pensada para largas sesiones de tocada. Modelo American Ultra Bass en color azul océano, con acabado edition.",https://placehold.co/500x500/1a1a1a/ffffff/png?text=Fender+Bajos+Eléctricos&font=roboto
29,Fender Blues Junior Series 458,Fender,Amplificadores,40889.99,17,"Amplificador con tono cálido y controles intuitivos, ideal tanto para ensayo como para conciertos. Modelo Blues Junior en color rojo cereza, con acabado series.",https://placehold.co/500x500/1a1a1a/ffffff/png?text=Fender+Amplificadores&font=roboto
30,Fender CD-60S Plus 75,Fender,Guitarras Acústicas,13459.99,19,"Guitarra acústica con cuerpo resonante y acabado cuidado, perfecta para grabación y presentaciones en vivo. Modelo CD-60S en color azul océano, con acabado plus.",https://placehold.co/500x500/1a1a1a/ffffff/png?text=Fender+Guitarras+Acústicas&font=roboto
31,Fender Jazzmaster Plus 235,Fender,Guitarras Eléctricas,9619.99,20,"Guitarra eléctrica con pastillas de alta definición y acabado premium, pensada para escenarios exigentes. Modelo Jazzmaster en color transparente, con acabado plus.",https://placehold.co/500x500/1a1a1a/ffffff/png?text=Fender+Guitarras+Eléctricas&font=roboto
32,Fender Jazz Bass Plus 937,Fender,Bajos Eléctricos,11889.99,15,"Bajo eléctrico con gran proyección de graves y ergonomía pensada para largas sesiones de tocada. Modelo Jazz Bass en color sunburst, con acabado plus.",https://placehold.co/500x500/1a1a1a/ffffff/png?text=Fender+Bajos+Eléctricos&font=roboto
33,Fender Champion Plus 695,Fender,Amplificadores,23909.99,18,"Amplificador con tono cálido y controles intuitivos, ideal tanto para ensayo como para conciertos. Modelo Champion en color natural, con acabado plus.",https://placehold.co/500x500/1a1a1a/ffffff/png?text=Fender+Amplificadores&font=roboto
34,Fender Sonoran SE 813,Fender,Guitarras Acústicas,16829.99,16,"Guitarra acústica con cuerpo resonante y acabado cuidado, perfecta para grabación y presentaciones en vivo. Modelo Sonoran en color azul océano, con acabado se.",https://placehold.co/500x500/1a1a1a/ffffff/png?text=Fender+Guitarras+Acústicas&font=roboto
35,Fender Telecaster Special 684,Fender,Guitarras Eléctricas,46079.99,16,"Guitarra eléctrica con pastillas de alta definición y acabado premium, pensada para escenarios exigentes. Modelo Telecaster en color sunburst, con acabado special.",https://placehold.co/500x500/1a1a1a/ffffff/png?text=Fender+Guitarras+Eléctricas&font=roboto
36,Fender Precision Bass X 699,Fender,Bajos Eléctricos,49209.99,20,"Bajo eléctrico con gran proyección de graves y ergonomía pensada para largas sesiones de tocada. Modelo Precision Bass en color negro, con acabado x.",https://placehold.co/500x500/1a1a1a/ffffff/png?text=Fender+Bajos+Eléctricos&font=roboto
37,Gibson Les Paul Standard Standard 755,Gibson,Guitarras Eléctricas,67419.99,11,"Guitarra eléctrica con pastillas de alta definición y acabado premium, pensada para escenarios exigentes. Modelo Les Paul Standard en color gris metálico, con acabado standard.",https://placehold.co/500x500/1a1a1a/ffffff/png?text=Gibson+Guitarras+Eléctricas&font=roboto
38,Gibson Hummingbird II 559,Gibson,Guitarras Acústicas,64869.99,16,"Guitarra acústica con cuerpo resonante y acabado cuidado, perfecta para grabación y presentaciones en vivo. Modelo Hummingbird en color azul océano, con acabado ii.",https://placehold.co/500x500/1a1a1a/ffffff/png?text=Gibson+Guitarras+Acústicas&font=roboto
39,Gibson Les Paul Studio Signature 265,Gibson,Guitarras Eléctricas,134319.99,11,"Guitarra eléctrica con pastillas de alta definición y acabado premium, pensada para escenarios exigentes. Modelo Les Paul Studio en color dorado, con acabado signature.",https://placehold.co/500x500/1a1a1a/ffffff/png?text=Gibson+Guitarras+Eléctricas&font=roboto
40,Gibson L-00 Special 677,Gibson,Guitarras Acústicas,119929.99,10,"Guitarra acústica con cuerpo resonante y acabado cuidado, perfecta para grabación y presentaciones en vivo. Modelo L-00 en color negro, con acabado special.",https://placehold.co/500x500/1a1a1a/ffffff/png?text=Gibson+Guitarras+Acústicas&font=roboto
41,Gibson Les Paul Standard Plus 426,Gibson,Guitarras Eléctricas,85709.99,13,"Guitarra eléctrica con pastillas de alta definición y acabado premium, pensada para escenarios exigentes. Modelo Les Paul Standard en color blanco perla, con acabado plus.",https://placehold.co/500x500/1a1a1a/ffffff/png?text=Gibson+Guitarras+Eléctricas&font=roboto
42,Gibson L-00 Standard 398,Gibson,Guitarras Acústicas,20219.99,16,"Guitarra acústica con cuerpo resonante y acabado cuidado, perfecta para grabación y presentaciones en vivo. Modelo L-00 en color blanco perla, con acabado standard.",https://placehold.co/500x500/1a1a1a/ffffff/png?text=Gibson+Guitarras+Acústicas&font=roboto
43,Gibson SG Standard X 443,Gibson,Guitarras Eléctricas,112079.99,18,"Guitarra eléctrica con pastillas de alta definición y acabado premium, pensada para escenarios exigentes. Modelo SG Standard en color natural, con acabado x.",https://placehold.co/500x500/1a1a1a/ffffff/png?text=Gibson+Guitarras+Eléctricas&font=roboto
44,Gibson L-00 Elite 313,Gibson,Guitarras Acústicas,41779.99,10,"Guitarra acústica con cuerpo resonante y acabado cuidado, perfecta para grabación y presentaciones en vivo. Modelo L-00 en color azul océano, con acabado elite.",https://placehold.co/500x500/1a1a1a/ffffff/png?text=Gibson+Guitarras+Acústicas&font=roboto
45,Gibson Les Paul Custom Standard 68,Gibson,Guitarras Eléctricas,31269.99,17,"Guitarra eléctrica con pastillas de alta definición y acabado premium, pensada para escenarios exigentes. Modelo Les Paul Custom en color rojo cereza, con acabado standard.",https://placehold.co/500x500/1a1a1a/ffffff/png?text=Gibson+Guitarras+Eléctricas&font=roboto
46,Gibson Hummingbird Standard 92,Gibson,Guitarras Acústicas,105139.99,11,"Guitarra acústica con cuerpo resonante y acabado cuidado, perfecta para grabación y presentaciones en vivo. Modelo Hummingbird en color vino, con acabado standard.",https://placehold.co/500x500/1a1a1a/ffffff/png?text=Gibson+Guitarras+Acústicas&font=roboto
47,Gibson Les Paul Custom Custom 423,Gibson,Guitarras Eléctricas,39989.99,19,"Guitarra eléctrica con pastillas de alta definición y acabado premium, pensada para escenarios exigentes. Modelo Les Paul Custom en color azul océano, con acabado custom.",https://placehold.co/500x500/1a1a1a/ffffff/png?text=Gibson+Guitarras+Eléctricas&font=roboto
48,Gibson Hummingbird Standard 93,Gibson,Guitarras Acústicas,61929.99,19,"Guitarra acústica con cuerpo resonante y acabado cuidado, perfecta para grabación y presentaciones en vivo. Modelo Hummingbird en color transparente, con acabado standard.",https://placehold.co/500x500/1a1a1a/ffffff/png?text=Gibson+Guitarras+Acústicas&font=roboto
49,Gibson Les Paul Custom Deluxe 219,Gibson,Guitarras Eléctricas,108719.99,15,"Guitarra eléctrica con pastillas de alta definición y acabado premium, pensada para escenarios exigentes. Modelo Les Paul Custom en color natural, con acabado deluxe.",https://placehold.co/500x500/1a1a1a/ffffff/png?text=Gibson+Guitarras+Eléctricas&font=roboto
50,Gibson Hummingbird Signature 144,Gibson,Guitarras Acústicas,87169.99,14,"Guitarra acústica con cuerpo resonante y acabado cuidado, perfecta para grabación y presentaciones en vivo. Modelo Hummingbird en color gris metálico, con acabado signature.",https://placehold.co/500x500/1a1a1a/ffffff/png?text=Gibson+Guitarras+Acústicas&font=roboto
51,Gibson ES-335 Deluxe 19,Gibson,Guitarras Eléctricas,82289.99,19,"Guitarra eléctrica con pastillas de alta definición y acabado premium, pensada para escenarios exigentes. Modelo ES-335 en color sunburst, con acabado deluxe.",https://placehold.co/500x500/1a1a1a/ffffff/png?text=Gibson+Guitarras+Eléctricas&font=roboto
52,Gibson J-45 Custom 228,Gibson,Guitarras Acústicas,70589.99,12,"Guitarra acústica con cuerpo resonante y acabado cuidado, perfecta para grabación y presentaciones en vivo. Modelo J-45 en color vino, con acabado custom.",https://placehold.co/500x500/1a1a1a/ffffff/png?text=Gibson+Guitarras+Acústicas&font=roboto
53,Gibson SG Standard Custom 388,Gibson,Guitarras Eléctricas,60629.99,17,"Guitarra eléctrica con pastillas de alta definición y acabado premium, pensada para escenarios exigentes. Modelo SG Standard en color azul océano, con acabado custom.",https://placehold.co/500x500/1a1a1a/ffffff/png?text=Gibson+Guitarras+Eléctricas&font=roboto
54,Gibson J-200 Pro 316,Gibson,Guitarras Acústicas,113179.99,11,"Guitarra acústica con cuerpo resonante y acabado cuidado, perfecta para grabación y presentaciones en vivo. Modelo J-200 en color vino, con acabado pro.",https://placehold.co/500x500/1a1a1a/ffffff/png?text=Gibson+Guitarras+Acústicas&font=roboto
55,Roland Juno Signature 921,Roland,Sintetizadores,13569.99,18,"Sintetizador con motor de sonido versátil, ideal para producción musical moderna y presentaciones en vivo. Modelo Juno en color sunburst, con acabado signature.",https://placehold.co/500x500/1a1a1a/ffffff/png?text=Roland+Sintetizadores&font=roboto
56,Roland TD-27 Signature 629,Roland,Baterías Electrónicas,20799.99,15,"Batería electrónica con parches sensibles y módulo de sonidos editables para práctica silenciosa o en vivo. Modelo TD-27 en color natural, con acabado signature.",https://placehold.co/500x500/1a1a1a/ffffff/png?text=Roland+Baterías+Electrónicas&font=roboto
57,Roland GO:KEYS Signature 510,Roland,Teclados,13789.99,10,"Teclado versátil con amplia biblioteca de sonidos, ideal para práctica, composición y presentaciones en vivo. Modelo GO:KEYS en color vino, con acabado signature.",https://placehold.co/500x500/1a1a1a/ffffff/png?text=Roland+Teclados&font=roboto
58,Roland AIRA Edition 55,Roland,Audio,2069.99,12,"Equipo de audio profesional pensado para monitoreo y grabación con fidelidad de estudio. Modelo AIRA en color natural, con acabado edition.",https://placehold.co/500x500/1a1a1a/ffffff/png?text=Roland+Audio&font=roboto
59,Roland Fantom Classic 574,Roland,Sintetizadores,44699.99,18,"Sintetizador con motor de sonido versátil, ideal para producción musical moderna y presentaciones en vivo. Modelo Fantom en color dorado, con acabado classic.",https://placehold.co/500x500/1a1a1a/ffffff/png?text=Roland+Sintetizadores&font=roboto
60,Roland TD-17 Special 977,Roland,Baterías Electrónicas,58459.99,12,"Batería electrónica con parches sensibles y módulo de sonidos editables para práctica silenciosa o en vivo. Modelo TD-17 en color sunburst, con acabado special.",https://placehold.co/500x500/1a1a1a/ffffff/png?text=Roland+Baterías+Electrónicas&font=roboto
61,Roland FP-30X Studio 575,Roland,Teclados,10189.99,12,"Teclado versátil con amplia biblioteca de sonidos, ideal para práctica, composición y presentaciones en vivo. Modelo FP-30X en color transparente, con acabado studio.",https://placehold.co/500x500/1a1a1a/ffffff/png?text=Roland+Teclados&font=roboto
62,Roland AIRA Vintage 930,Roland,Audio,18799.99,10,"Equipo de audio profesional pensado para monitoreo y grabación con fidelidad de estudio. Modelo AIRA en color rojo cereza, con acabado vintage.",https://placehold.co/500x500/1a1a1a/ffffff/png?text=Roland+Audio&font=roboto
63,Roland Fantom II 692,Roland,Sintetizadores,13349.99,18,"Sintetizador con motor de sonido versátil, ideal para producción musical moderna y presentaciones en vivo. Modelo Fantom en color azul océano, con acabado ii.",https://placehold.co/500x500/1a1a1a/ffffff/png?text=Roland+Sintetizadores&font=roboto
64,Roland SPD-SX Elite 895,Roland,Baterías Electrónicas,18109.99,12,"Batería electrónica con parches sensibles y módulo de sonidos editables para práctica silenciosa o en vivo. Modelo SPD-SX en color azul océano, con acabado elite.",https://placehold.co/500x500/1a1a1a/ffffff/png?text=Roland+Baterías+Electrónicas&font=roboto
65,Roland Juno-DS Pro 764,Roland,Teclados,37359.99,16,"Teclado versátil con amplia biblioteca de sonidos, ideal para práctica, composición y presentaciones en vivo. Modelo Juno-DS en color blanco perla, con acabado pro.",https://placehold.co/500x500/1a1a1a/ffffff/png?text=Roland+Teclados&font=roboto
66,Roland Rubix Signature 816,Roland,Audio,14629.99,16,"Equipo de audio profesional pensado para monitoreo y grabación con fidelidad de estudio. Modelo Rubix en color blanco perla, con acabado signature.",https://placehold.co/500x500/1a1a1a/ffffff/png?text=Roland+Audio&font=roboto
67,Roland Jupiter SE 214,Roland,Sintetizadores,50469.99,17,"Sintetizador con motor de sonido versátil, ideal para producción musical moderna y presentaciones en vivo. Modelo Jupiter en color azul océano, con acabado se.",https://placehold.co/500x500/1a1a1a/ffffff/png?text=Roland+Sintetizadores&font=roboto
68,Roland V-Drums Vintage 238,Roland,Baterías Electrónicas,10329.99,13,"Batería electrónica con parches sensibles y módulo de sonidos editables para práctica silenciosa o en vivo. Modelo V-Drums en color azul océano, con acabado vintage.",https://placehold.co/500x500/1a1a1a/ffffff/png?text=Roland+Baterías+Electrónicas&font=roboto
69,Roland Juno-DS Deluxe 895,Roland,Teclados,7429.99,14,"Teclado versátil con amplia biblioteca de sonidos, ideal para práctica, composición y presentaciones en vivo. Modelo Juno-DS en color natural, con acabado deluxe.",https://placehold.co/500x500/1a1a1a/ffffff/png?text=Roland+Teclados&font=roboto
70,Roland Duo-Capture Series 349,Roland,Audio,18909.99,11,"Equipo de audio profesional pensado para monitoreo y grabación con fidelidad de estudio. Modelo Duo-Capture en color vino, con acabado series.",https://placehold.co/500x500/1a1a1a/ffffff/png?text=Roland+Audio&font=roboto
71,Roland Fantom Classic 995,Roland,Sintetizadores,59149.99,10,"Sintetizador con motor de sonido versátil, ideal para producción musical moderna y presentaciones en vivo. Modelo Fantom en color transparente, con acabado classic.",https://placehold.co/500x500/1a1a1a/ffffff/png?text=Roland+Sintetizadores&font=roboto
72,Roland TD-17 Edition 756,Roland,Baterías Electrónicas,53039.99,16,"Batería electrónica con parches sensibles y módulo de sonidos editables para práctica silenciosa o en vivo. Modelo TD-17 en color rojo cereza, con acabado edition.",https://placehold.co/500x500/1a1a1a/ffffff/png?text=Roland+Baterías+Electrónicas&font=roboto
73,Steinway Boston Special 931,Steinway & Sons,Pianos,1186059.99,14,"Piano de calidad profesional con mecanismo de acción refinado, ideal para intérpretes exigentes y espacios de concierto o estudio. Modelo Boston en color gris metálico, con acabado special.",https://placehold.co/500x500/1a1a1a/ffffff/png?text=Steinway+Pianos&font=roboto
74,Steinway Model B Edition 542,Steinway & Sons,Pianos,1692089.99,18,"Piano de calidad profesional con mecanismo de acción refinado, ideal para intérpretes exigentes y espacios de concierto o estudio. Modelo Model B en color negro, con acabado edition.",https://placehold.co/500x500/1a1a1a/ffffff/png?text=Steinway+Pianos&font=roboto
75,Steinway Essex II 451,Steinway & Sons,Pianos,451469.99,20,"Piano de calidad profesional con mecanismo de acción refinado, ideal para intérpretes exigentes y espacios de concierto o estudio. Modelo Essex en color rojo cereza, con acabado ii.",https://placehold.co/500x500/1a1a1a/ffffff/png?text=Steinway+Pianos&font=roboto
76,Steinway Model O Deluxe 747,Steinway & Sons,Pianos,1655069.99,18,"Piano de calidad profesional con mecanismo de acción refinado, ideal para intérpretes exigentes y espacios de concierto o estudio. Modelo Model O en color sunburst, con acabado deluxe.",https://placehold.co/500x500/1a1a1a/ffffff/png?text=Steinway+Pianos&font=roboto
77,Steinway Model O Edition 422,Steinway & Sons,Pianos,1360959.99,18,"Piano de calidad profesional con mecanismo de acción refinado, ideal para intérpretes exigentes y espacios de concierto o estudio. Modelo Model O en color rojo cereza, con acabado edition.",https://placehold.co/500x500/1a1a1a/ffffff/png?text=Steinway+Pianos&font=roboto
78,Steinway Model D II 690,Steinway & Sons,Pianos,1713529.99,20,"Piano de calidad profesional con mecanismo de acción refinado, ideal para intérpretes exigentes y espacios de concierto o estudio. Modelo Model D en color gris metálico, con acabado ii.",https://placehold.co/500x500/1a1a1a/ffffff/png?text=Steinway+Pianos&font=roboto
79,Steinway Essex Classic 592,Steinway & Sons,Pianos,786379.99,18,"Piano de calidad profesional con mecanismo de acción refinado, ideal para intérpretes exigentes y espacios de concierto o estudio. Modelo Essex en color transparente, con acabado classic.",https://placehold.co/500x500/1a1a1a/ffffff/png?text=Steinway+Pianos&font=roboto
80,Steinway Model B Vintage 225,Steinway & Sons,Pianos,973339.99,19,"Piano de calidad profesional con mecanismo de acción refinado, ideal para intérpretes exigentes y espacios de concierto o estudio. Modelo Model B en color natural, con acabado vintage.",https://placehold.co/500x500/1a1a1a/ffffff/png?text=Steinway+Pianos&font=roboto
81,Steinway Boston Deluxe 462,Steinway & Sons,Pianos,991139.99,13,"Piano de calidad profesional con mecanismo de acción refinado, ideal para intérpretes exigentes y espacios de concierto o estudio. Modelo Boston en color dorado, con acabado deluxe.",https://placehold.co/500x500/1a1a1a/ffffff/png?text=Steinway+Pianos&font=roboto
82,Steinway Boston SE 684,Steinway & Sons,Pianos,472959.99,18,"Piano de calidad profesional con mecanismo de acción refinado, ideal para intérpretes exigentes y espacios de concierto o estudio. Modelo Boston en color blanco perla, con acabado se.",https://placehold.co/500x500/1a1a1a/ffffff/png?text=Steinway+Pianos&font=roboto
83,Steinway Essex Deluxe 848,Steinway & Sons,Pianos,1730399.99,13,"Piano de calidad profesional con mecanismo de acción refinado, ideal para intérpretes exigentes y espacios de concierto o estudio. Modelo Essex en color sunburst, con acabado deluxe.",https://placehold.co/500x500/1a1a1a/ffffff/png?text=Steinway+Pianos&font=roboto
84,Steinway Essex Vintage 835,Steinway & Sons,Pianos,638739.99,10,"Piano de calidad profesional con mecanismo de acción refinado, ideal para intérpretes exigentes y espacios de concierto o estudio. Modelo Essex en color azul océano, con acabado vintage.",https://placehold.co/500x500/1a1a1a/ffffff/png?text=Steinway+Pianos&font=roboto
85,Steinway Model B Plus 635,Steinway & Sons,Pianos,1582119.99,11,"Piano de calidad profesional con mecanismo de acción refinado, ideal para intérpretes exigentes y espacios de concierto o estudio. Modelo Model B en color dorado, con acabado plus.",https://placehold.co/500x500/1a1a1a/ffffff/png?text=Steinway+Pianos&font=roboto
86,Steinway Model M Edition 209,Steinway & Sons,Pianos,1391609.99,16,"Piano de calidad profesional con mecanismo de acción refinado, ideal para intérpretes exigentes y espacios de concierto o estudio. Modelo Model M en color transparente, con acabado edition.",https://placehold.co/500x500/1a1a1a/ffffff/png?text=Steinway+Pianos&font=roboto
87,Steinway Model M Series 161,Steinway & Sons,Pianos,1301289.99,10,"Piano de calidad profesional con mecanismo de acción refinado, ideal para intérpretes exigentes y espacios de concierto o estudio. Modelo Model M en color azul océano, con acabado series.",https://placehold.co/500x500/1a1a1a/ffffff/png?text=Steinway+Pianos&font=roboto
88,Steinway Model B Edition 190,Steinway & Sons,Pianos,1515959.99,18,"Piano de calidad profesional con mecanismo de acción refinado, ideal para intérpretes exigentes y espacios de concierto o estudio. Modelo Model B en color azul océano, con acabado edition.",https://placehold.co/500x500/1a1a1a/ffffff/png?text=Steinway+Pianos&font=roboto
89,Steinway Model M Standard 265,Steinway & Sons,Pianos,1680339.99,11,"Piano de calidad profesional con mecanismo de acción refinado, ideal para intérpretes exigentes y espacios de concierto o estudio. Modelo Model M en color vino, con acabado standard.",https://placehold.co/500x500/1a1a1a/ffffff/png?text=Steinway+Pianos&font=roboto
90,Steinway Model M Elite 693,Steinway & Sons,Pianos,1120149.99,18,"Piano de calidad profesional con mecanismo de acción refinado, ideal para intérpretes exigentes y espacios de concierto o estudio. Modelo Model M en color dorado, con acabado elite.",https://placehold.co/500x500/1a1a1a/ffffff/png?text=Steinway+Pianos&font=roboto
91,Casio SA- Deluxe 637,Casio,Teclados,15139.99,18,"Teclado versátil con amplia biblioteca de sonidos, ideal para práctica, composición y presentaciones en vivo. Modelo SA- en color dorado, con acabado deluxe.",https://placehold.co/500x500/1a1a1a/ffffff/png?text=Casio+Teclados&font=roboto
92,Casio CDP-S X 771,Casio,Pianos Digitales,30989.99,17,"Piano digital con teclas contrapesadas y sonido de piano acústico muestreado en alta resolución. Modelo CDP-S en color blanco perla, con acabado x.",https://placehold.co/500x500/1a1a1a/ffffff/png?text=Casio+Pianos+Digitales&font=roboto
93,Casio Casiotone Plus 794,Casio,Teclados,14559.99,17,"Teclado versátil con amplia biblioteca de sonidos, ideal para práctica, composición y presentaciones en vivo. Modelo Casiotone en color natural, con acabado plus.",https://placehold.co/500x500/1a1a1a/ffffff/png?text=Casio+Teclados&font=roboto
94,Casio AP- Plus 460,Casio,Pianos Digitales,8249.99,14,"Piano digital con teclas contrapesadas y sonido de piano acústico muestreado en alta resolución. Modelo AP- en color natural, con acabado plus.",https://placehold.co/500x500/1a1a1a/ffffff/png?text=Casio+Pianos+Digitales&font=roboto
95,Casio CT-X Signature 337,Casio,Teclados,16349.99,11,"Teclado versátil con amplia biblioteca de sonidos, ideal para práctica, composición y presentaciones en vivo. Modelo CT-X en color rojo cereza, con acabado signature.",https://placehold.co/500x500/1a1a1a/ffffff/png?text=Casio+Teclados&font=roboto
96,Casio Privia PX Elite 402,Casio,Pianos Digitales,26129.99,13,"Piano digital con teclas contrapesadas y sonido de piano acústico muestreado en alta resolución. Modelo Privia PX en color azul océano, con acabado elite.",https://placehold.co/500x500/1a1a1a/ffffff/png?text=Casio+Pianos+Digitales&font=roboto
97,Casio CT-X Edition 348,Casio,Teclados,10919.99,16,"Teclado versátil con amplia biblioteca de sonidos, ideal para práctica, composición y presentaciones en vivo. Modelo CT-X en color gris metálico, con acabado edition.",https://placehold.co/500x500/1a1a1a/ffffff/png?text=Casio+Teclados&font=roboto
98,Casio Privia PX II 408,Casio,Pianos Digitales,32249.99,19,"Piano digital con teclas contrapesadas y sonido de piano acústico muestreado en alta resolución. Modelo Privia PX en color gris metálico, con acabado ii.",https://placehold.co/500x500/1a1a1a/ffffff/png?text=Casio+Pianos+Digitales&font=roboto
99,Casio SA- Pro 399,Casio,Teclados,9899.99,15,"Teclado versátil con amplia biblioteca de sonidos, ideal para práctica, composición y presentaciones en vivo. Modelo SA- en color transparente, con acabado pro.",https://placehold.co/500x500/1a1a1a/ffffff/png?text=Casio+Teclados&font=roboto
100,Casio CDP-S Series 561,Casio,Pianos Digitales,27679.99,18,"Piano digital con teclas contrapesadas y sonido de piano acústico muestreado en alta resolución. Modelo CDP-S en color gris metálico, con acabado series.",https://placehold.co/500x500/1a1a1a/ffffff/png?text=Casio+Pianos+Digitales&font=roboto
101,Casio SA- Plus 234,Casio,Teclados,6739.99,17,"Teclado versátil con amplia biblioteca de sonidos, ideal para práctica, composición y presentaciones en vivo. Modelo SA- en color dorado, con acabado plus.",https://placehold.co/500x500/1a1a1a/ffffff/png?text=Casio+Teclados&font=roboto
102,Casio Privia PX Series 694,Casio,Pianos Digitales,25699.99,16,"Piano digital con teclas contrapesadas y sonido de piano acústico muestreado en alta resolución. Modelo Privia PX en color rojo cereza, con acabado series.",https://placehold.co/500x500/1a1a1a/ffffff/png?text=Casio+Pianos+Digitales&font=roboto
103,Casio SA- Classic 951,Casio,Teclados,4479.99,19,"Teclado versátil con amplia biblioteca de sonidos, ideal para práctica, composición y presentaciones en vivo. Modelo SA- en color dorado, con acabado classic.",https://placehold.co/500x500/1a1a1a/ffffff/png?text=Casio+Teclados&font=roboto
104,Casio AP- Pro 616,Casio,Pianos Digitales,22369.99,10,"Piano digital con teclas contrapesadas y sonido de piano acústico muestreado en alta resolución. Modelo AP- en color gris metálico, con acabado pro.",https://placehold.co/500x500/1a1a1a/ffffff/png?text=Casio+Pianos+Digitales&font=roboto
105,Casio CT-X Edition 897,Casio,Teclados,9659.99,10,"Teclado versátil con amplia biblioteca de sonidos, ideal para práctica, composición y presentaciones en vivo. Modelo CT-X en color blanco perla, con acabado edition.",https://placehold.co/500x500/1a1a1a/ffffff/png?text=Casio+Teclados&font=roboto
106,Casio CDP-S Series 226,Casio,Pianos Digitales,19189.99,15,"Piano digital con teclas contrapesadas y sonido de piano acústico muestreado en alta resolución. Modelo CDP-S en color rojo cereza, con acabado series.",https://placehold.co/500x500/1a1a1a/ffffff/png?text=Casio+Pianos+Digitales&font=roboto
107,Casio Casiotone Signature 268,Casio,Teclados,15449.99,17,"Teclado versátil con amplia biblioteca de sonidos, ideal para práctica, composición y presentaciones en vivo. Modelo Casiotone en color gris metálico, con acabado signature.",https://placehold.co/500x500/1a1a1a/ffffff/png?text=Casio+Teclados&font=roboto
108,Casio Privia PX Standard 239,Casio,Pianos Digitales,24859.99,20,"Piano digital con teclas contrapesadas y sonido de piano acústico muestreado en alta resolución. Modelo Privia PX en color rojo cereza, con acabado standard.",https://placehold.co/500x500/1a1a1a/ffffff/png?text=Casio+Pianos+Digitales&font=roboto
109,Korg Minilogue Pro 214,Korg,Sintetizadores,47289.99,19,"Sintetizador con motor de sonido versátil, ideal para producción musical moderna y presentaciones en vivo. Modelo Minilogue en color azul océano, con acabado pro.",https://placehold.co/500x500/1a1a1a/ffffff/png?text=Korg+Sintetizadores&font=roboto
110,Korg Pa1000 Plus 494,Korg,Teclados,26769.99,19,"Teclado versátil con amplia biblioteca de sonidos, ideal para práctica, composición y presentaciones en vivo. Modelo Pa1000 en color blanco perla, con acabado plus.",https://placehold.co/500x500/1a1a1a/ffffff/png?text=Korg+Teclados&font=roboto
111,Korg Volca X 795,Korg,Sintetizadores,24709.99,19,"Sintetizador con motor de sonido versátil, ideal para producción musical moderna y presentaciones en vivo. Modelo Volca en color natural, con acabado x.",https://placehold.co/500x500/1a1a1a/ffffff/png?text=Korg+Sintetizadores&font=roboto
112,Korg Kronos Classic 120,Korg,Teclados,23679.99,14,"Teclado versátil con amplia biblioteca de sonidos, ideal para práctica, composición y presentaciones en vivo. Modelo Kronos en color natural, con acabado classic.",https://placehold.co/500x500/1a1a1a/ffffff/png?text=Korg+Teclados&font=roboto
113,Korg Prologue Series 87,Korg,Sintetizadores,35429.99,20,"Sintetizador con motor de sonido versátil, ideal para producción musical moderna y presentaciones en vivo. Modelo Prologue en color azul océano, con acabado series.",https://placehold.co/500x500/1a1a1a/ffffff/png?text=Korg+Sintetizadores&font=roboto
114,Korg Pa1000 Special 880,Korg,Teclados,27269.99,11,"Teclado versátil con amplia biblioteca de sonidos, ideal para práctica, composición y presentaciones en vivo. Modelo Pa1000 en color natural, con acabado special.",https://placehold.co/500x500/1a1a1a/ffffff/png?text=Korg+Teclados&font=roboto
115,Korg Minilogue Studio 448,Korg,Sintetizadores,38759.99,11,"Sintetizador con motor de sonido versátil, ideal para producción musical moderna y presentaciones en vivo. Modelo Minilogue en color vino, con acabado studio.",https://placehold.co/500x500/1a1a1a/ffffff/png?text=Korg+Sintetizadores&font=roboto
116,Korg Nautilus Pro 852,Korg,Teclados,20669.99,16,"Teclado versátil con amplia biblioteca de sonidos, ideal para práctica, composición y presentaciones en vivo. Modelo Nautilus en color gris metálico, con acabado pro.",https://placehold.co/500x500/1a1a1a/ffffff/png?text=Korg+Teclados&font=roboto
117,Korg microKORG X 455,Korg,Sintetizadores,15459.99,18,"Sintetizador con motor de sonido versátil, ideal para producción musical moderna y presentaciones en vivo. Modelo microKORG en color blanco perla, con acabado x.",https://placehold.co/500x500/1a1a1a/ffffff/png?text=Korg+Sintetizadores&font=roboto
118,Korg Nautilus SE 456,Korg,Teclados,32079.99,19,"Teclado versátil con amplia biblioteca de sonidos, ideal para práctica, composición y presentaciones en vivo. Modelo Nautilus en color dorado, con acabado se.",https://placehold.co/500x500/1a1a1a/ffffff/png?text=Korg+Teclados&font=roboto
119,Korg microKORG Deluxe 860,Korg,Sintetizadores,51869.99,14,"Sintetizador con motor de sonido versátil, ideal para producción musical moderna y presentaciones en vivo. Modelo microKORG en color azul océano, con acabado deluxe.",https://placehold.co/500x500/1a1a1a/ffffff/png?text=Korg+Sintetizadores&font=roboto
120,Korg SV-2 Plus 593,Korg,Teclados,24759.99,16,"Teclado versátil con amplia biblioteca de sonidos, ideal para práctica, composición y presentaciones en vivo. Modelo SV-2 en color dorado, con acabado plus.",https://placehold.co/500x500/1a1a1a/ffffff/png?text=Korg+Teclados&font=roboto
121,Korg microKORG Pro 881,Korg,Sintetizadores,22609.99,17,"Sintetizador con motor de sonido versátil, ideal para producción musical moderna y presentaciones en vivo. Modelo microKORG en color dorado, con acabado pro.",https://placehold.co/500x500/1a1a1a/ffffff/png?text=Korg+Sintetizadores&font=roboto
122,Korg Pa1000 Studio 358,Korg,Teclados,13509.99,19,"Teclado versátil con amplia biblioteca de sonidos, ideal para práctica, composición y presentaciones en vivo. Modelo Pa1000 en color natural, con acabado studio.",https://placehold.co/500x500/1a1a1a/ffffff/png?text=Korg+Teclados&font=roboto
123,Korg microKORG Pro 980,Korg,Sintetizadores,16179.99,13,"Sintetizador con motor de sonido versátil, ideal para producción musical moderna y presentaciones en vivo. Modelo microKORG en color vino, con acabado pro.",https://placehold.co/500x500/1a1a1a/ffffff/png?text=Korg+Sintetizadores&font=roboto
124,Korg SV-2 SE 786,Korg,Teclados,12179.99,17,"Teclado versátil con amplia biblioteca de sonidos, ideal para práctica, composición y presentaciones en vivo. Modelo SV-2 en color vino, con acabado se.",https://placehold.co/500x500/1a1a1a/ffffff/png?text=Korg+Teclados&font=roboto
125,Korg Prologue X 105,Korg,Sintetizadores,21129.99,16,"Sintetizador con motor de sonido versátil, ideal para producción musical moderna y presentaciones en vivo. Modelo Prologue en color negro, con acabado x.",https://placehold.co/500x500/1a1a1a/ffffff/png?text=Korg+Sintetizadores&font=roboto
126,Korg Pa1000 Vintage 387,Korg,Teclados,20099.99,18,"Teclado versátil con amplia biblioteca de sonidos, ideal para práctica, composición y presentaciones en vivo. Modelo Pa1000 en color transparente, con acabado vintage.",https://placehold.co/500x500/1a1a1a/ffffff/png?text=Korg+Teclados&font=roboto
127,Ibanez Artcore Edition 348,Ibanez,Guitarras Eléctricas,21479.99,17,"Guitarra eléctrica con pastillas de alta definición y acabado premium, pensada para escenarios exigentes. Modelo Artcore en color vino, con acabado edition.",https://placehold.co/500x500/1a1a1a/ffffff/png?text=Ibanez+Guitarras+Eléctricas&font=roboto
128,Ibanez Talman Bass Vintage 246,Ibanez,Bajos Eléctricos,10789.99,13,"Bajo eléctrico con gran proyección de graves y ergonomía pensada para largas sesiones de tocada. Modelo Talman Bass en color natural, con acabado vintage.",https://placehold.co/500x500/1a1a1a/ffffff/png?text=Ibanez+Bajos+Eléctricos&font=roboto
129,Ibanez Artcore Special 983,Ibanez,Guitarras Eléctricas,39539.99,12,"Guitarra eléctrica con pastillas de alta definición y acabado premium, pensada para escenarios exigentes. Modelo Artcore en color vino, con acabado special.",https://placehold.co/500x500/1a1a1a/ffffff/png?text=Ibanez+Guitarras+Eléctricas&font=roboto
130,Ibanez GSR II 293,Ibanez,Bajos Eléctricos,32229.99,18,"Bajo eléctrico con gran proyección de graves y ergonomía pensada para largas sesiones de tocada. Modelo GSR en color dorado, con acabado ii.",https://placehold.co/500x500/1a1a1a/ffffff/png?text=Ibanez+Bajos+Eléctricos&font=roboto
131,Ibanez RGA Vintage 862,Ibanez,Guitarras Eléctricas,14549.99,13,"Guitarra eléctrica con pastillas de alta definición y acabado premium, pensada para escenarios exigentes. Modelo RGA en color sunburst, con acabado vintage.",https://placehold.co/500x500/1a1a1a/ffffff/png?text=Ibanez+Guitarras+Eléctricas&font=roboto
132,Ibanez Talman Bass Classic 24,Ibanez,Bajos Eléctricos,31639.99,12,"Bajo eléctrico con gran proyección de graves y ergonomía pensada para largas sesiones de tocada. Modelo Talman Bass en color natural, con acabado classic.",https://placehold.co/500x500/1a1a1a/ffffff/png?text=Ibanez+Bajos+Eléctricos&font=roboto
133,Ibanez Artcore Standard 576,Ibanez,Guitarras Eléctricas,18859.99,12,"Guitarra eléctrica con pastillas de alta definición y acabado premium, pensada para escenarios exigentes. Modelo Artcore en color negro, con acabado standard.",https://placehold.co/500x500/1a1a1a/ffffff/png?text=Ibanez+Guitarras+Eléctricas&font=roboto
134,Ibanez BTB Special 597,Ibanez,Bajos Eléctricos,16599.99,17,"Bajo eléctrico con gran proyección de graves y ergonomía pensada para largas sesiones de tocada. Modelo BTB en color negro, con acabado special.",https://placehold.co/500x500/1a1a1a/ffffff/png?text=Ibanez+Bajos+Eléctricos&font=roboto
135,Ibanez AZ Deluxe 998,Ibanez,Guitarras Eléctricas,8269.99,17,"Guitarra eléctrica con pastillas de alta definición y acabado premium, pensada para escenarios exigentes. Modelo AZ en color blanco perla, con acabado deluxe.",https://placehold.co/500x500/1a1a1a/ffffff/png?text=Ibanez+Guitarras+Eléctricas&font=roboto
136,Ibanez SR Bass Custom 513,Ibanez,Bajos Eléctricos,9129.99,20,"Bajo eléctrico con gran proyección de graves y ergonomía pensada para largas sesiones de tocada. Modelo SR Bass en color gris metálico, con acabado custom.",https://placehold.co/500x500/1a1a1a/ffffff/png?text=Ibanez+Bajos+Eléctricos&font=roboto
137,Ibanez Prestige Standard 162,Ibanez,Guitarras Eléctricas,41699.99,14,"Guitarra eléctrica con pastillas de alta definición y acabado premium, pensada para escenarios exigentes. Modelo Prestige en color blanco perla, con acabado standard.",https://placehold.co/500x500/1a1a1a/ffffff/png?text=Ibanez+Guitarras+Eléctricas&font=roboto
138,Ibanez SR Bass Plus 581,Ibanez,Bajos Eléctricos,33639.99,19,"Bajo eléctrico con gran proyección de graves y ergonomía pensada para largas sesiones de tocada. Modelo SR Bass en color sunburst, con acabado plus.",https://placehold.co/500x500/1a1a1a/ffffff/png?text=Ibanez+Bajos+Eléctricos&font=roboto
139,Ibanez RGA Plus 399,Ibanez,Guitarras Eléctricas,25829.99,17,"Guitarra eléctrica con pastillas de alta definición y acabado premium, pensada para escenarios exigentes. Modelo RGA en color vino, con acabado plus.",https://placehold.co/500x500/1a1a1a/ffffff/png?text=Ibanez+Guitarras+Eléctricas&font=roboto
140,Ibanez Talman Bass Edition 592,Ibanez,Bajos Eléctricos,28549.99,19,"Bajo eléctrico con gran proyección de graves y ergonomía pensada para largas sesiones de tocada. Modelo Talman Bass en color natural, con acabado edition.",https://placehold.co/500x500/1a1a1a/ffffff/png?text=Ibanez+Bajos+Eléctricos&font=roboto
141,Ibanez Prestige Special 650,Ibanez,Guitarras Eléctricas,15289.99,20,"Guitarra eléctrica con pastillas de alta definición y acabado premium, pensada para escenarios exigentes. Modelo Prestige en color azul océano, con acabado special.",https://placehold.co/500x500/1a1a1a/ffffff/png?text=Ibanez+Guitarras+Eléctricas&font=roboto
142,Ibanez SR Bass Classic 187,Ibanez,Bajos Eléctricos,26099.99,12,"Bajo eléctrico con gran proyección de graves y ergonomía pensada para largas sesiones de tocada. Modelo SR Bass en color azul océano, con acabado classic.",https://placehold.co/500x500/1a1a1a/ffffff/png?text=Ibanez+Bajos+Eléctricos&font=roboto
143,Ibanez RG Edition 715,Ibanez,Guitarras Eléctricas,32129.99,14,"Guitarra eléctrica con pastillas de alta definición y acabado premium, pensada para escenarios exigentes. Modelo RG en color dorado, con acabado edition.",https://placehold.co/500x500/1a1a1a/ffffff/png?text=Ibanez+Guitarras+Eléctricas&font=roboto
144,Ibanez SR Bass Plus 733,Ibanez,Bajos Eléctricos,16539.99,17,"Bajo eléctrico con gran proyección de graves y ergonomía pensada para largas sesiones de tocada. Modelo SR Bass en color natural, con acabado plus.",https://placehold.co/500x500/1a1a1a/ffffff/png?text=Ibanez+Bajos+Eléctricos&font=roboto
145,Shure SM57 Plus 816,Shure,Micrófonos,27889.99,19,"Micrófono profesional con captación clara y consistente, apto para voz e instrumentos en estudio o en vivo. Modelo SM57 en color natural, con acabado plus.",https://placehold.co/500x500/1a1a1a/ffffff/png?text=Shure+Micrófonos&font=roboto
146,Shure Beta 58A Edition 567,Shure,Micrófonos,8569.99,12,"Micrófono profesional con captación clara y consistente, apto para voz e instrumentos en estudio o en vivo. Modelo Beta 58A en color sunburst, con acabado edition.",https://placehold.co/500x500/1a1a1a/ffffff/png?text=Shure+Micrófonos&font=roboto
147,Shure MV7 Elite 71,Shure,Micrófonos,6559.99,14,"Micrófono profesional con captación clara y consistente, apto para voz e instrumentos en estudio o en vivo. Modelo MV7 en color sunburst, con acabado elite.",https://placehold.co/500x500/1a1a1a/ffffff/png?text=Shure+Micrófonos&font=roboto
148,Shure MV7 X 489,Shure,Micrófonos,24389.99,16,"Micrófono profesional con captación clara y consistente, apto para voz e instrumentos en estudio o en vivo. Modelo MV7 en color sunburst, con acabado x.",https://placehold.co/500x500/1a1a1a/ffffff/png?text=Shure+Micrófonos&font=roboto
149,Shure MV7 SE 92,Shure,Micrófonos,21299.99,16,"Micrófono profesional con captación clara y consistente, apto para voz e instrumentos en estudio o en vivo. Modelo MV7 en color dorado, con acabado se.",https://placehold.co/500x500/1a1a1a/ffffff/png?text=Shure+Micrófonos&font=roboto
150,Shure PGA58 Signature 103,Shure,Micrófonos,8709.99,20,"Micrófono profesional con captación clara y consistente, apto para voz e instrumentos en estudio o en vivo. Modelo PGA58 en color negro, con acabado signature.",https://placehold.co/500x500/1a1a1a/ffffff/png?text=Shure+Micrófonos&font=roboto
151,Shure SM58 Signature 51,Shure,Micrófonos,26929.99,12,"Micrófono profesional con captación clara y consistente, apto para voz e instrumentos en estudio o en vivo. Modelo SM58 en color transparente, con acabado signature.",https://placehold.co/500x500/1a1a1a/ffffff/png?text=Shure+Micrófonos&font=roboto
152,Shure BLX Wireless X 195,Shure,Micrófonos,34899.99,16,"Micrófono profesional con captación clara y consistente, apto para voz e instrumentos en estudio o en vivo. Modelo BLX Wireless en color natural, con acabado x.",https://placehold.co/500x500/1a1a1a/ffffff/png?text=Shure+Micrófonos&font=roboto
153,Shure BLX Wireless Custom 366,Shure,Micrófonos,14829.99,15,"Micrófono profesional con captación clara y consistente, apto para voz e instrumentos en estudio o en vivo. Modelo BLX Wireless en color dorado, con acabado custom.",https://placehold.co/500x500/1a1a1a/ffffff/png?text=Shure+Micrófonos&font=roboto
154,Shure SM57 Classic 431,Shure,Micrófonos,24559.99,14,"Micrófono profesional con captación clara y consistente, apto para voz e instrumentos en estudio o en vivo. Modelo SM57 en color rojo cereza, con acabado classic.",https://placehold.co/500x500/1a1a1a/ffffff/png?text=Shure+Micrófonos&font=roboto
155,Shure KSM8 Standard 100,Shure,Micrófonos,11629.99,15,"Micrófono profesional con captación clara y consistente, apto para voz e instrumentos en estudio o en vivo. Modelo KSM8 en color dorado, con acabado standard.",https://placehold.co/500x500/1a1a1a/ffffff/png?text=Shure+Micrófonos&font=roboto
156,Shure SM57 Series 854,Shure,Micrófonos,34599.99,20,"Micrófono profesional con captación clara y consistente, apto para voz e instrumentos en estudio o en vivo. Modelo SM57 en color vino, con acabado series.",https://placehold.co/500x500/1a1a1a/ffffff/png?text=Shure+Micrófonos&font=roboto
157,Shure BLX Wireless Edition 202,Shure,Micrófonos,18579.99,19,"Micrófono profesional con captación clara y consistente, apto para voz e instrumentos en estudio o en vivo. Modelo BLX Wireless en color negro, con acabado edition.",https://placehold.co/500x500/1a1a1a/ffffff/png?text=Shure+Micrófonos&font=roboto
158,Shure BLX Wireless X 218,Shure,Micrófonos,10009.99,12,"Micrófono profesional con captación clara y consistente, apto para voz e instrumentos en estudio o en vivo. Modelo BLX Wireless en color negro, con acabado x.",https://placehold.co/500x500/1a1a1a/ffffff/png?text=Shure+Micrófonos&font=roboto
159,Shure MV7 X 134,Shure,Micrófonos,1889.99,20,"Micrófono profesional con captación clara y consistente, apto para voz e instrumentos en estudio o en vivo. Modelo MV7 en color dorado, con acabado x.",https://placehold.co/500x500/1a1a1a/ffffff/png?text=Shure+Micrófonos&font=roboto
160,Shure Beta 58A Classic 574,Shure,Micrófonos,1369.99,16,"Micrófono profesional con captación clara y consistente, apto para voz e instrumentos en estudio o en vivo. Modelo Beta 58A en color natural, con acabado classic.",https://placehold.co/500x500/1a1a1a/ffffff/png?text=Shure+Micrófonos&font=roboto
161,Shure SM57 Plus 482,Shure,Micrófonos,33199.99,20,"Micrófono profesional con captación clara y consistente, apto para voz e instrumentos en estudio o en vivo. Modelo SM57 en color sunburst, con acabado plus.",https://placehold.co/500x500/1a1a1a/ffffff/png?text=Shure+Micrófonos&font=roboto
162,Shure SM7B SE 531,Shure,Micrófonos,24959.99,16,"Micrófono profesional con captación clara y consistente, apto para voz e instrumentos en estudio o en vivo. Modelo SM7B en color natural, con acabado se.",https://placehold.co/500x500/1a1a1a/ffffff/png?text=Shure+Micrófonos&font=roboto
163,Pearl Reference SE 477,Pearl,Baterías,39879.99,16,"Batería acústica con cascos de calidad y herrajes resistentes, lista para estudio o escenario. Modelo Reference en color azul océano, con acabado se.",https://placehold.co/500x500/1a1a1a/ffffff/png?text=Pearl+Baterías&font=roboto
164,Pearl Roadshow Elite 292,Pearl,Baterías,52269.99,16,"Batería acústica con cascos de calidad y herrajes resistentes, lista para estudio o escenario. Modelo Roadshow en color sunburst, con acabado elite.",https://placehold.co/500x500/1a1a1a/ffffff/png?text=Pearl+Baterías&font=roboto
165,Pearl Masters Maple Signature 299,Pearl,Baterías,49659.99,19,"Batería acústica con cascos de calidad y herrajes resistentes, lista para estudio o escenario. Modelo Masters Maple en color negro, con acabado signature.",https://placehold.co/500x500/1a1a1a/ffffff/png?text=Pearl+Baterías&font=roboto
166,Pearl Decade Maple SE 467,Pearl,Baterías,39169.99,15,"Batería acústica con cascos de calidad y herrajes resistentes, lista para estudio o escenario. Modelo Decade Maple en color blanco perla, con acabado se.",https://placehold.co/500x500/1a1a1a/ffffff/png?text=Pearl+Baterías&font=roboto
167,Pearl Masters Maple Series 965,Pearl,Baterías,27019.99,13,"Batería acústica con cascos de calidad y herrajes resistentes, lista para estudio o escenario. Modelo Masters Maple en color dorado, con acabado series.",https://placehold.co/500x500/1a1a1a/ffffff/png?text=Pearl+Baterías&font=roboto
168,Pearl Midtown Plus 402,Pearl,Baterías,22079.99,16,"Batería acústica con cascos de calidad y herrajes resistentes, lista para estudio o escenario. Modelo Midtown en color transparente, con acabado plus.",https://placehold.co/500x500/1a1a1a/ffffff/png?text=Pearl+Baterías&font=roboto
169,Pearl Export Deluxe 732,Pearl,Baterías,60159.99,16,"Batería acústica con cascos de calidad y herrajes resistentes, lista para estudio o escenario. Modelo Export en color dorado, con acabado deluxe.",https://placehold.co/500x500/1a1a1a/ffffff/png?text=Pearl+Baterías&font=roboto
170,Pearl Reference Elite 997,Pearl,Baterías,11079.99,18,"Batería acústica con cascos de calidad y herrajes resistentes, lista para estudio o escenario. Modelo Reference en color dorado, con acabado elite.",https://placehold.co/500x500/1a1a1a/ffffff/png?text=Pearl+Baterías&font=roboto
171,Pearl Decade Maple Deluxe 905,Pearl,Baterías,56329.99,11,"Batería acústica con cascos de calidad y herrajes resistentes, lista para estudio o escenario. Modelo Decade Maple en color sunburst, con acabado deluxe.",https://placehold.co/500x500/1a1a1a/ffffff/png?text=Pearl+Baterías&font=roboto
172,Pearl Decade Maple X 749,Pearl,Baterías,17079.99,20,"Batería acústica con cascos de calidad y herrajes resistentes, lista para estudio o escenario. Modelo Decade Maple en color negro, con acabado x.",https://placehold.co/500x500/1a1a1a/ffffff/png?text=Pearl+Baterías&font=roboto
173,Pearl Roadshow Custom 810,Pearl,Baterías,63279.99,15,"Batería acústica con cascos de calidad y herrajes resistentes, lista para estudio o escenario. Modelo Roadshow en color dorado, con acabado custom.",https://placehold.co/500x500/1a1a1a/ffffff/png?text=Pearl+Baterías&font=roboto
174,Pearl Decade Maple Series 882,Pearl,Baterías,27399.99,20,"Batería acústica con cascos de calidad y herrajes resistentes, lista para estudio o escenario. Modelo Decade Maple en color sunburst, con acabado series.",https://placehold.co/500x500/1a1a1a/ffffff/png?text=Pearl+Baterías&font=roboto
175,Pearl Decade Maple Series 651,Pearl,Baterías,49249.99,17,"Batería acústica con cascos de calidad y herrajes resistentes, lista para estudio o escenario. Modelo Decade Maple en color rojo cereza, con acabado series.",https://placehold.co/500x500/1a1a1a/ffffff/png?text=Pearl+Baterías&font=roboto
176,Pearl Decade Maple Standard 80,Pearl,Baterías,22149.99,20,"Batería acústica con cascos de calidad y herrajes resistentes, lista para estudio o escenario. Modelo Decade Maple en color transparente, con acabado standard.",https://placehold.co/500x500/1a1a1a/ffffff/png?text=Pearl+Baterías&font=roboto
177,Pearl Masters Maple Plus 454,Pearl,Baterías,63789.99,20,"Batería acústica con cascos de calidad y herrajes resistentes, lista para estudio o escenario. Modelo Masters Maple en color sunburst, con acabado plus.",https://placehold.co/500x500/1a1a1a/ffffff/png?text=Pearl+Baterías&font=roboto
178,Pearl Midtown Special 180,Pearl,Baterías,47869.99,10,"Batería acústica con cascos de calidad y herrajes resistentes, lista para estudio o escenario. Modelo Midtown en color dorado, con acabado special.",https://placehold.co/500x500/1a1a1a/ffffff/png?text=Pearl+Baterías&font=roboto
179,Pearl Export Deluxe 310,Pearl,Baterías,29079.99,16,"Batería acústica con cascos de calidad y herrajes resistentes, lista para estudio o escenario. Modelo Export en color negro, con acabado deluxe.",https://placehold.co/500x500/1a1a1a/ffffff/png?text=Pearl+Baterías&font=roboto
180,Pearl Roadshow Plus 431,Pearl,Baterías,40699.99,12,"Batería acústica con cascos de calidad y herrajes resistentes, lista para estudio o escenario. Modelo Roadshow en color vino, con acabado plus.",https://placehold.co/500x500/1a1a1a/ffffff/png?text=Pearl+Baterías&font=roboto
181,Zildjian K Custom Classic 634,Zildjian,Platillos,12429.99,19,"Platillo con aleación de bronce de alta calidad, ofrece un brillo y sustain característicos. Modelo K Custom en color sunburst, con acabado classic.",https://placehold.co/500x500/1a1a1a/ffffff/png?text=Zildjian+Platillos&font=roboto
182,Zildjian I Family Plus 944,Zildjian,Platillos,8919.99,13,"Platillo con aleación de bronce de alta calidad, ofrece un brillo y sustain característicos. Modelo I Family en color dorado, con acabado plus.",https://placehold.co/500x500/1a1a1a/ffffff/png?text=Zildjian+Platillos&font=roboto
183,Zildjian Avedis Signature 271,Zildjian,Platillos,9939.99,17,"Platillo con aleación de bronce de alta calidad, ofrece un brillo y sustain característicos. Modelo Avedis en color dorado, con acabado signature.",https://placehold.co/500x500/1a1a1a/ffffff/png?text=Zildjian+Platillos&font=roboto
184,Zildjian A Zildjian Classic 462,Zildjian,Platillos,13339.99,19,"Platillo con aleación de bronce de alta calidad, ofrece un brillo y sustain característicos. Modelo A Zildjian en color sunburst, con acabado classic.",https://placehold.co/500x500/1a1a1a/ffffff/png?text=Zildjian+Platillos&font=roboto
185,Zildjian A Zildjian Edition 477,Zildjian,Platillos,12119.99,13,"Platillo con aleación de bronce de alta calidad, ofrece un brillo y sustain característicos. Modelo A Zildjian en color natural, con acabado edition.",https://placehold.co/500x500/1a1a1a/ffffff/png?text=Zildjian+Platillos&font=roboto
186,Zildjian Avedis SE 252,Zildjian,Platillos,6459.99,15,"Platillo con aleación de bronce de alta calidad, ofrece un brillo y sustain característicos. Modelo Avedis en color sunburst, con acabado se.",https://placehold.co/500x500/1a1a1a/ffffff/png?text=Zildjian+Platillos&font=roboto
187,Zildjian FX Vintage 32,Zildjian,Platillos,13739.99,20,"Platillo con aleación de bronce de alta calidad, ofrece un brillo y sustain característicos. Modelo FX en color natural, con acabado vintage.",https://placehold.co/500x500/1a1a1a/ffffff/png?text=Zildjian+Platillos&font=roboto
188,Zildjian Avedis Signature 589,Zildjian,Platillos,12359.99,10,"Platillo con aleación de bronce de alta calidad, ofrece un brillo y sustain característicos. Modelo Avedis en color negro, con acabado signature.",https://placehold.co/500x500/1a1a1a/ffffff/png?text=Zildjian+Platillos&font=roboto
189,Zildjian FX SE 804,Zildjian,Platillos,11549.99,19,"Platillo con aleación de bronce de alta calidad, ofrece un brillo y sustain característicos. Modelo FX en color natural, con acabado se.",https://placehold.co/500x500/1a1a1a/ffffff/png?text=Zildjian+Platillos&font=roboto
190,Zildjian Kerope Studio 661,Zildjian,Platillos,4119.99,14,"Platillo con aleación de bronce de alta calidad, ofrece un brillo y sustain característicos. Modelo Kerope en color azul océano, con acabado studio.",https://placehold.co/500x500/1a1a1a/ffffff/png?text=Zildjian+Platillos&font=roboto
191,Zildjian I Family Elite 935,Zildjian,Platillos,9459.99,10,"Platillo con aleación de bronce de alta calidad, ofrece un brillo y sustain característicos. Modelo I Family en color sunburst, con acabado elite.",https://placehold.co/500x500/1a1a1a/ffffff/png?text=Zildjian+Platillos&font=roboto
192,Zildjian A Zildjian X 603,Zildjian,Platillos,6259.99,12,"Platillo con aleación de bronce de alta calidad, ofrece un brillo y sustain característicos. Modelo A Zildjian en color negro, con acabado x.",https://placehold.co/500x500/1a1a1a/ffffff/png?text=Zildjian+Platillos&font=roboto
193,Zildjian A Custom Vintage 775,Zildjian,Platillos,6869.99,13,"Platillo con aleación de bronce de alta calidad, ofrece un brillo y sustain característicos. Modelo A Custom en color rojo cereza, con acabado vintage.",https://placehold.co/500x500/1a1a1a/ffffff/png?text=Zildjian+Platillos&font=roboto
194,Zildjian K Custom Studio 523,Zildjian,Platillos,12949.99,12,"Platillo con aleación de bronce de alta calidad, ofrece un brillo y sustain característicos. Modelo K Custom en color vino, con acabado studio.",https://placehold.co/500x500/1a1a1a/ffffff/png?text=Zildjian+Platillos&font=roboto
195,Zildjian A Zildjian SE 774,Zildjian,Platillos,12419.99,11,"Platillo con aleación de bronce de alta calidad, ofrece un brillo y sustain característicos. Modelo A Zildjian en color natural, con acabado se.",https://placehold.co/500x500/1a1a1a/ffffff/png?text=Zildjian+Platillos&font=roboto
196,Zildjian Avedis Custom 782,Zildjian,Platillos,13599.99,20,"Platillo con aleación de bronce de alta calidad, ofrece un brillo y sustain característicos. Modelo Avedis en color blanco perla, con acabado custom.",https://placehold.co/500x500/1a1a1a/ffffff/png?text=Zildjian+Platillos&font=roboto
197,Zildjian I Family Series 384,Zildjian,Platillos,2909.99,16,"Platillo con aleación de bronce de alta calidad, ofrece un brillo y sustain característicos. Modelo I Family en color vino, con acabado series.",https://placehold.co/500x500/1a1a1a/ffffff/png?text=Zildjian+Platillos&font=roboto
198,Gretsch Electromatic Signature 136,Gretsch,Guitarras Eléctricas,35019.99,20,"Guitarra eléctrica con pastillas de alta definición y acabado premium, pensada para escenarios exigentes. Modelo Electromatic en color vino, con acabado signature.",https://placehold.co/500x500/1a1a1a/ffffff/png?text=Gretsch+Guitarras+Eléctricas&font=roboto
199,Gretsch Broadkaster Series 120,Gretsch,Baterías,36299.99,17,"Batería acústica con cascos de calidad y herrajes resistentes, lista para estudio o escenario. Modelo Broadkaster en color rojo cereza, con acabado series.",https://placehold.co/500x500/1a1a1a/ffffff/png?text=Gretsch+Baterías&font=roboto
200,Gretsch Electromatic Deluxe 236,Gretsch,Guitarras Eléctricas,45629.99,20,"Guitarra eléctrica con pastillas de alta definición y acabado premium, pensada para escenarios exigentes. Modelo Electromatic en color transparente, con acabado deluxe.",https://placehold.co/500x500/1a1a1a/ffffff/png?text=Gretsch+Guitarras+Eléctricas&font=roboto
201,Gretsch Energy Vintage 129,Gretsch,Baterías,17039.99,10,"Batería acústica con cascos de calidad y herrajes resistentes, lista para estudio o escenario. Modelo Energy en color gris metálico, con acabado vintage.",https://placehold.co/500x500/1a1a1a/ffffff/png?text=Gretsch+Baterías&font=roboto
202,Gretsch White Falcon SE 109,Gretsch,Guitarras Eléctricas,22919.99,18,"Guitarra eléctrica con pastillas de alta definición y acabado premium, pensada para escenarios exigentes. Modelo White Falcon en color sunburst, con acabado se.",https://placehold.co/500x500/1a1a1a/ffffff/png?text=Gretsch+Guitarras+Eléctricas&font=roboto
203,Gretsch Renown Series 389,Gretsch,Baterías,36139.99,18,"Batería acústica con cascos de calidad y herrajes resistentes, lista para estudio o escenario. Modelo Renown en color dorado, con acabado series.",https://placehold.co/500x500/1a1a1a/ffffff/png?text=Gretsch+Baterías&font=roboto
204,Gretsch G5420 Elite 680,Gretsch,Guitarras Eléctricas,15449.99,17,"Guitarra eléctrica con pastillas de alta definición y acabado premium, pensada para escenarios exigentes. Modelo G5420 en color gris metálico, con acabado elite.",https://placehold.co/500x500/1a1a1a/ffffff/png?text=Gretsch+Guitarras+Eléctricas&font=roboto
205,Gretsch Energy Signature 716,Gretsch,Baterías,25339.99,17,"Batería acústica con cascos de calidad y herrajes resistentes, lista para estudio o escenario. Modelo Energy en color negro, con acabado signature.",https://placehold.co/500x500/1a1a1a/ffffff/png?text=Gretsch+Baterías&font=roboto
206,Gretsch G5420 Plus 111,Gretsch,Guitarras Eléctricas,63959.99,15,"Guitarra eléctrica con pastillas de alta definición y acabado premium, pensada para escenarios exigentes. Modelo G5420 en color rojo cereza, con acabado plus.",https://placehold.co/500x500/1a1a1a/ffffff/png?text=Gretsch+Guitarras+Eléctricas&font=roboto
207,Gretsch Broadkaster Standard 292,Gretsch,Baterías,18839.99,11,"Batería acústica con cascos de calidad y herrajes resistentes, lista para estudio o escenario. Modelo Broadkaster en color gris metálico, con acabado standard.",https://placehold.co/500x500/1a1a1a/ffffff/png?text=Gretsch+Baterías&font=roboto
208,Gretsch G5420 Custom 667,Gretsch,Guitarras Eléctricas,45179.99,10,"Guitarra eléctrica con pastillas de alta definición y acabado premium, pensada para escenarios exigentes. Modelo G5420 en color azul océano, con acabado custom.",https://placehold.co/500x500/1a1a1a/ffffff/png?text=Gretsch+Guitarras+Eléctricas&font=roboto
209,Gretsch Catalina Club Deluxe 138,Gretsch,Baterías,40339.99,13,"Batería acústica con cascos de calidad y herrajes resistentes, lista para estudio o escenario. Modelo Catalina Club en color azul océano, con acabado deluxe.",https://placehold.co/500x500/1a1a1a/ffffff/png?text=Gretsch+Baterías&font=roboto
210,Gretsch Electromatic II 231,Gretsch,Guitarras Eléctricas,54719.99,13,"Guitarra eléctrica con pastillas de alta definición y acabado premium, pensada para escenarios exigentes. Modelo Electromatic en color transparente, con acabado ii.",https://placehold.co/500x500/1a1a1a/ffffff/png?text=Gretsch+Guitarras+Eléctricas&font=roboto
211,Gretsch Broadkaster Elite 12,Gretsch,Baterías,21989.99,12,"Batería acústica con cascos de calidad y herrajes resistentes, lista para estudio o escenario. Modelo Broadkaster en color transparente, con acabado elite.",https://placehold.co/500x500/1a1a1a/ffffff/png?text=Gretsch+Baterías&font=roboto
212,Gretsch Streamliner Signature 122,Gretsch,Guitarras Eléctricas,46359.99,10,"Guitarra eléctrica con pastillas de alta definición y acabado premium, pensada para escenarios exigentes. Modelo Streamliner en color blanco perla, con acabado signature.",https://placehold.co/500x500/1a1a1a/ffffff/png?text=Gretsch+Guitarras+Eléctricas&font=roboto
213,Gretsch Renown Pro 818,Gretsch,Baterías,40389.99,19,"Batería acústica con cascos de calidad y herrajes resistentes, lista para estudio o escenario. Modelo Renown en color rojo cereza, con acabado pro.",https://placehold.co/500x500/1a1a1a/ffffff/png?text=Gretsch+Baterías&font=roboto
214,Gretsch White Falcon Pro 281,Gretsch,Guitarras Eléctricas,12889.99,16,"Guitarra eléctrica con pastillas de alta definición y acabado premium, pensada para escenarios exigentes. Modelo White Falcon en color blanco perla, con acabado pro.",https://placehold.co/500x500/1a1a1a/ffffff/png?text=Gretsch+Guitarras+Eléctricas&font=roboto
215,Martin HD-28 Special 497,Martin (C.F. Martin & Co.),Guitarras Acústicas,66559.99,15,"Guitarra acústica con cuerpo resonante y acabado cuidado, perfecta para grabación y presentaciones en vivo. Modelo HD-28 en color sunburst, con acabado special.",https://placehold.co/500x500/1a1a1a/ffffff/png?text=Martin+Guitarras+Acústicas&font=roboto
216,Martin HD-28 Special 525,Martin (C.F. Martin & Co.),Guitarras Acústicas,40479.99,19,"Guitarra acústica con cuerpo resonante y acabado cuidado, perfecta para grabación y presentaciones en vivo. Modelo HD-28 en color dorado, con acabado special.",https://placehold.co/500x500/1a1a1a/ffffff/png?text=Martin+Guitarras+Acústicas&font=roboto
217,Martin D-28 Vintage 668,Martin (C.F. Martin & Co.),Guitarras Acústicas,125869.99,10,"Guitarra acústica con cuerpo resonante y acabado cuidado, perfecta para grabación y presentaciones en vivo. Modelo D-28 en color dorado, con acabado vintage.",https://placehold.co/500x500/1a1a1a/ffffff/png?text=Martin+Guitarras+Acústicas&font=roboto
218,Martin OM-28 Series 712,Martin (C.F. Martin & Co.),Guitarras Acústicas,27419.99,17,"Guitarra acústica con cuerpo resonante y acabado cuidado, perfecta para grabación y presentaciones en vivo. Modelo OM-28 en color gris metálico, con acabado series.",https://placehold.co/500x500/1a1a1a/ffffff/png?text=Martin+Guitarras+Acústicas&font=roboto
219,Martin D-28 Custom 632,Martin (C.F. Martin & Co.),Guitarras Acústicas,32059.99,12,"Guitarra acústica con cuerpo resonante y acabado cuidado, perfecta para grabación y presentaciones en vivo. Modelo D-28 en color rojo cereza, con acabado custom.",https://placehold.co/500x500/1a1a1a/ffffff/png?text=Martin+Guitarras+Acústicas&font=roboto
220,Martin D-18 Deluxe 621,Martin (C.F. Martin & Co.),Guitarras Acústicas,76019.99,17,"Guitarra acústica con cuerpo resonante y acabado cuidado, perfecta para grabación y presentaciones en vivo. Modelo D-18 en color gris metálico, con acabado deluxe.",https://placehold.co/500x500/1a1a1a/ffffff/png?text=Martin+Guitarras+Acústicas&font=roboto
221,Martin HD-28 Edition 822,Martin (C.F. Martin & Co.),Guitarras Acústicas,95709.99,20,"Guitarra acústica con cuerpo resonante y acabado cuidado, perfecta para grabación y presentaciones en vivo. Modelo HD-28 en color sunburst, con acabado edition.",https://placehold.co/500x500/1a1a1a/ffffff/png?text=Martin+Guitarras+Acústicas&font=roboto
222,Martin D Junior II 472,Martin (C.F. Martin & Co.),Guitarras Acústicas,117139.99,16,"Guitarra acústica con cuerpo resonante y acabado cuidado, perfecta para grabación y presentaciones en vivo. Modelo D Junior en color gris metálico, con acabado ii.",https://placehold.co/500x500/1a1a1a/ffffff/png?text=Martin+Guitarras+Acústicas&font=roboto
223,Martin D-18 X 435,Martin (C.F. Martin & Co.),Guitarras Acústicas,98909.99,15,"Guitarra acústica con cuerpo resonante y acabado cuidado, perfecta para grabación y presentaciones en vivo. Modelo D-18 en color gris metálico, con acabado x.",https://placehold.co/500x500/1a1a1a/ffffff/png?text=Martin+Guitarras+Acústicas&font=roboto
224,Martin OM-28 Deluxe 393,Martin (C.F. Martin & Co.),Guitarras Acústicas,124669.99,20,"Guitarra acústica con cuerpo resonante y acabado cuidado, perfecta para grabación y presentaciones en vivo. Modelo OM-28 en color natural, con acabado deluxe.",https://placehold.co/500x500/1a1a1a/ffffff/png?text=Martin+Guitarras+Acústicas&font=roboto
225,Martin OM-28 Custom 861,Martin (C.F. Martin & Co.),Guitarras Acústicas,24819.99,16,"Guitarra acústica con cuerpo resonante y acabado cuidado, perfecta para grabación y presentaciones en vivo. Modelo OM-28 en color sunburst, con acabado custom.",https://placehold.co/500x500/1a1a1a/ffffff/png?text=Martin+Guitarras+Acústicas&font=roboto
226,Martin D-28 Studio 579,Martin (C.F. Martin & Co.),Guitarras Acústicas,21899.99,18,"Guitarra acústica con cuerpo resonante y acabado cuidado, perfecta para grabación y presentaciones en vivo. Modelo D-28 en color blanco perla, con acabado studio.",https://placehold.co/500x500/1a1a1a/ffffff/png?text=Martin+Guitarras+Acústicas&font=roboto
227,Martin HD-28 Deluxe 430,Martin (C.F. Martin & Co.),Guitarras Acústicas,55669.99,20,"Guitarra acústica con cuerpo resonante y acabado cuidado, perfecta para grabación y presentaciones en vivo. Modelo HD-28 en color sunburst, con acabado deluxe.",https://placehold.co/500x500/1a1a1a/ffffff/png?text=Martin+Guitarras+Acústicas&font=roboto
228,Martin OM-28 Standard 624,Martin (C.F. Martin & Co.),Guitarras Acústicas,50939.99,11,"Guitarra acústica con cuerpo resonante y acabado cuidado, perfecta para grabación y presentaciones en vivo. Modelo OM-28 en color natural, con acabado standard.",https://placehold.co/500x500/1a1a1a/ffffff/png?text=Martin+Guitarras+Acústicas&font=roboto
229,Martin HD-28 II 682,Martin (C.F. Martin & Co.),Guitarras Acústicas,70459.99,11,"Guitarra acústica con cuerpo resonante y acabado cuidado, perfecta para grabación y presentaciones en vivo. Modelo HD-28 en color blanco perla, con acabado ii.",https://placehold.co/500x500/1a1a1a/ffffff/png?text=Martin+Guitarras+Acústicas&font=roboto
230,Martin D-18 Studio 790,Martin (C.F. Martin & Co.),Guitarras Acústicas,47039.99,13,"Guitarra acústica con cuerpo resonante y acabado cuidado, perfecta para grabación y presentaciones en vivo. Modelo D-18 en color sunburst, con acabado studio.",https://placehold.co/500x500/1a1a1a/ffffff/png?text=Martin+Guitarras+Acústicas&font=roboto
231,Martin OM-28 Pro 961,Martin (C.F. Martin & Co.),Guitarras Acústicas,90659.99,14,"Guitarra acústica con cuerpo resonante y acabado cuidado, perfecta para grabación y presentaciones en vivo. Modelo OM-28 en color transparente, con acabado pro.",https://placehold.co/500x500/1a1a1a/ffffff/png?text=Martin+Guitarras+Acústicas&font=roboto
232,Taylor 114ce Classic 729,Taylor Guitars,Guitarras Acústicas,88149.99,15,"Guitarra acústica con cuerpo resonante y acabado cuidado, perfecta para grabación y presentaciones en vivo. Modelo 114ce en color natural, con acabado classic.",https://placehold.co/500x500/1a1a1a/ffffff/png?text=Taylor+Guitarras+Acústicas&font=roboto
233,Taylor GS Mini Pro 900,Taylor Guitars,Guitarras Acústicas,31179.99,20,"Guitarra acústica con cuerpo resonante y acabado cuidado, perfecta para grabación y presentaciones en vivo. Modelo GS Mini en color blanco perla, con acabado pro.",https://placehold.co/500x500/1a1a1a/ffffff/png?text=Taylor+Guitarras+Acústicas&font=roboto
234,Taylor American Dream Custom 768,Taylor Guitars,Guitarras Acústicas,76259.99,10,"Guitarra acústica con cuerpo resonante y acabado cuidado, perfecta para grabación y presentaciones en vivo. Modelo American Dream en color blanco perla, con acabado custom.",https://placehold.co/500x500/1a1a1a/ffffff/png?text=Taylor+Guitarras+Acústicas&font=roboto
235,Taylor 114ce II 439,Taylor Guitars,Guitarras Acústicas,59739.99,12,"Guitarra acústica con cuerpo resonante y acabado cuidado, perfecta para grabación y presentaciones en vivo. Modelo 114ce en color gris metálico, con acabado ii.",https://placehold.co/500x500/1a1a1a/ffffff/png?text=Taylor+Guitarras+Acústicas&font=roboto
236,Taylor GS Mini Vintage 805,Taylor Guitars,Guitarras Acústicas,104609.99,19,"Guitarra acústica con cuerpo resonante y acabado cuidado, perfecta para grabación y presentaciones en vivo. Modelo GS Mini en color rojo cereza, con acabado vintage.",https://placehold.co/500x500/1a1a1a/ffffff/png?text=Taylor+Guitarras+Acústicas&font=roboto
237,Taylor 114ce Standard 171,Taylor Guitars,Guitarras Acústicas,87409.99,10,"Guitarra acústica con cuerpo resonante y acabado cuidado, perfecta para grabación y presentaciones en vivo. Modelo 114ce en color blanco perla, con acabado standard.",https://placehold.co/500x500/1a1a1a/ffffff/png?text=Taylor+Guitarras+Acústicas&font=roboto
238,Taylor 812ce Custom 463,Taylor Guitars,Guitarras Acústicas,78899.99,17,"Guitarra acústica con cuerpo resonante y acabado cuidado, perfecta para grabación y presentaciones en vivo. Modelo 812ce en color natural, con acabado custom.",https://placehold.co/500x500/1a1a1a/ffffff/png?text=Taylor+Guitarras+Acústicas&font=roboto
239,Taylor Academy 12 X 289,Taylor Guitars,Guitarras Acústicas,37839.99,18,"Guitarra acústica con cuerpo resonante y acabado cuidado, perfecta para grabación y presentaciones en vivo. Modelo Academy 12 en color gris metálico, con acabado x.",https://placehold.co/500x500/1a1a1a/ffffff/png?text=Taylor+Guitarras+Acústicas&font=roboto
240,Taylor 114ce Studio 123,Taylor Guitars,Guitarras Acústicas,44059.99,20,"Guitarra acústica con cuerpo resonante y acabado cuidado, perfecta para grabación y presentaciones en vivo. Modelo 114ce en color gris metálico, con acabado studio.",https://placehold.co/500x500/1a1a1a/ffffff/png?text=Taylor+Guitarras+Acústicas&font=roboto
241,Taylor Academy 12 SE 693,Taylor Guitars,Guitarras Acústicas,46379.99,13,"Guitarra acústica con cuerpo resonante y acabado cuidado, perfecta para grabación y presentaciones en vivo. Modelo Academy 12 en color vino, con acabado se.",https://placehold.co/500x500/1a1a1a/ffffff/png?text=Taylor+Guitarras+Acústicas&font=roboto
242,Taylor American Dream Standard 219,Taylor Guitars,Guitarras Acústicas,45739.99,13,"Guitarra acústica con cuerpo resonante y acabado cuidado, perfecta para grabación y presentaciones en vivo. Modelo American Dream en color negro, con acabado standard.",https://placehold.co/500x500/1a1a1a/ffffff/png?text=Taylor+Guitarras+Acústicas&font=roboto
243,Taylor 214ce Signature 345,Taylor Guitars,Guitarras Acústicas,29039.99,17,"Guitarra acústica con cuerpo resonante y acabado cuidado, perfecta para grabación y presentaciones en vivo. Modelo 214ce en color natural, con acabado signature.",https://placehold.co/500x500/1a1a1a/ffffff/png?text=Taylor+Guitarras+Acústicas&font=roboto
244,Taylor 812ce Edition 142,Taylor Guitars,Guitarras Acústicas,52979.99,13,"Guitarra acústica con cuerpo resonante y acabado cuidado, perfecta para grabación y presentaciones en vivo. Modelo 812ce en color blanco perla, con acabado edition.",https://placehold.co/500x500/1a1a1a/ffffff/png?text=Taylor+Guitarras+Acústicas&font=roboto
245,Taylor Academy 12 Studio 416,Taylor Guitars,Guitarras Acústicas,97289.99,10,"Guitarra acústica con cuerpo resonante y acabado cuidado, perfecta para grabación y presentaciones en vivo. Modelo Academy 12 en color sunburst, con acabado studio.",https://placehold.co/500x500/1a1a1a/ffffff/png?text=Taylor+Guitarras+Acústicas&font=roboto
246,Taylor American Dream Pro 953,Taylor Guitars,Guitarras Acústicas,25169.99,15,"Guitarra acústica con cuerpo resonante y acabado cuidado, perfecta para grabación y presentaciones en vivo. Modelo American Dream en color dorado, con acabado pro.",https://placehold.co/500x500/1a1a1a/ffffff/png?text=Taylor+Guitarras+Acústicas&font=roboto
247,Taylor Academy 12 Edition 424,Taylor Guitars,Guitarras Acústicas,83279.99,16,"Guitarra acústica con cuerpo resonante y acabado cuidado, perfecta para grabación y presentaciones en vivo. Modelo Academy 12 en color transparente, con acabado edition.",https://placehold.co/500x500/1a1a1a/ffffff/png?text=Taylor+Guitarras+Acústicas&font=roboto
248,Taylor GS Mini Special 31,Taylor Guitars,Guitarras Acústicas,106899.99,12,"Guitarra acústica con cuerpo resonante y acabado cuidado, perfecta para grabación y presentaciones en vivo. Modelo GS Mini en color gris metálico, con acabado special.",https://placehold.co/500x500/1a1a1a/ffffff/png?text=Taylor+Guitarras+Acústicas&font=roboto
249,Selmer Signature Clarinet X 100,Selmer,Instrumentos de Viento,54799.99,11,"Instrumento de viento con afinación estable y respuesta cómoda en todos los registros. Modelo Signature Clarinet en color rojo cereza, con acabado x.",https://placehold.co/500x500/1a1a1a/ffffff/png?text=Selmer+Instrumentos+de+Viento&font=roboto
250,Selmer Series III Edition 420,Selmer,Instrumentos de Viento,63349.99,16,"Instrumento de viento con afinación estable y respuesta cómoda en todos los registros. Modelo Series III en color transparente, con acabado edition.",https://placehold.co/500x500/1a1a1a/ffffff/png?text=Selmer+Instrumentos+de+Viento&font=roboto
251,Selmer AS42 Deluxe 351,Selmer,Instrumentos de Viento,88359.99,11,"Instrumento de viento con afinación estable y respuesta cómoda en todos los registros. Modelo AS42 en color azul océano, con acabado deluxe.",https://placehold.co/500x500/1a1a1a/ffffff/png?text=Selmer+Instrumentos+de+Viento&font=roboto
252,Selmer Signature Clarinet Special 532,Selmer,Instrumentos de Viento,31009.99,15,"Instrumento de viento con afinación estable y respuesta cómoda en todos los registros. Modelo Signature Clarinet en color vino, con acabado special.",https://placehold.co/500x500/1a1a1a/ffffff/png?text=Selmer+Instrumentos+de+Viento&font=roboto
253,Selmer AS42 Elite 115,Selmer,Instrumentos de Viento,26359.99,13,"Instrumento de viento con afinación estable y respuesta cómoda en todos los registros. Modelo AS42 en color azul océano, con acabado elite.",https://placehold.co/500x500/1a1a1a/ffffff/png?text=Selmer+Instrumentos+de+Viento&font=roboto
254,Selmer Series III Elite 191,Selmer,Instrumentos de Viento,105229.99,20,"Instrumento de viento con afinación estable y respuesta cómoda en todos los registros. Modelo Series III en color sunburst, con acabado elite.",https://placehold.co/500x500/1a1a1a/ffffff/png?text=Selmer+Instrumentos+de+Viento&font=roboto
255,Selmer TS44 X 788,Selmer,Instrumentos de Viento,68789.99,20,"Instrumento de viento con afinación estable y respuesta cómoda en todos los registros. Modelo TS44 en color transparente, con acabado x.",https://placehold.co/500x500/1a1a1a/ffffff/png?text=Selmer+Instrumentos+de+Viento&font=roboto
256,Selmer Signature Clarinet Deluxe 164,Selmer,Instrumentos de Viento,55099.99,17,"Instrumento de viento con afinación estable y respuesta cómoda en todos los registros. Modelo Signature Clarinet en color rojo cereza, con acabado deluxe.",https://placehold.co/500x500/1a1a1a/ffffff/png?text=Selmer+Instrumentos+de+Viento&font=roboto
257,Selmer TS44 Vintage 615,Selmer,Instrumentos de Viento,17509.99,18,"Instrumento de viento con afinación estable y respuesta cómoda en todos los registros. Modelo TS44 en color natural, con acabado vintage.",https://placehold.co/500x500/1a1a1a/ffffff/png?text=Selmer+Instrumentos+de+Viento&font=roboto
258,Selmer Reference 54 Vintage 472,Selmer,Instrumentos de Viento,15689.99,15,"Instrumento de viento con afinación estable y respuesta cómoda en todos los registros. Modelo Reference 54 en color dorado, con acabado vintage.",https://placehold.co/500x500/1a1a1a/ffffff/png?text=Selmer+Instrumentos+de+Viento&font=roboto
259,Selmer AS42 Custom 639,Selmer,Instrumentos de Viento,70219.99,16,"Instrumento de viento con afinación estable y respuesta cómoda en todos los registros. Modelo AS42 en color sunburst, con acabado custom.",https://placehold.co/500x500/1a1a1a/ffffff/png?text=Selmer+Instrumentos+de+Viento&font=roboto
260,Selmer TS44 Standard 940,Selmer,Instrumentos de Viento,91369.99,20,"Instrumento de viento con afinación estable y respuesta cómoda en todos los registros. Modelo TS44 en color dorado, con acabado standard.",https://placehold.co/500x500/1a1a1a/ffffff/png?text=Selmer+Instrumentos+de+Viento&font=roboto
261,Selmer Series III Deluxe 497,Selmer,Instrumentos de Viento,61139.99,10,"Instrumento de viento con afinación estable y respuesta cómoda en todos los registros. Modelo Series III en color transparente, con acabado deluxe.",https://placehold.co/500x500/1a1a1a/ffffff/png?text=Selmer+Instrumentos+de+Viento&font=roboto
262,Selmer TS44 Special 741,Selmer,Instrumentos de Viento,20269.99,20,"Instrumento de viento con afinación estable y respuesta cómoda en todos los registros. Modelo TS44 en color rojo cereza, con acabado special.",https://placehold.co/500x500/1a1a1a/ffffff/png?text=Selmer+Instrumentos+de+Viento&font=roboto
263,Selmer Series III Standard 734,Selmer,Instrumentos de Viento,54909.99,17,"Instrumento de viento con afinación estable y respuesta cómoda en todos los registros. Modelo Series III en color azul océano, con acabado standard.",https://placehold.co/500x500/1a1a1a/ffffff/png?text=Selmer+Instrumentos+de+Viento&font=roboto
264,Selmer Signature Clarinet Classic 391,Selmer,Instrumentos de Viento,101959.99,16,"Instrumento de viento con afinación estable y respuesta cómoda en todos los registros. Modelo Signature Clarinet en color rojo cereza, con acabado classic.",https://placehold.co/500x500/1a1a1a/ffffff/png?text=Selmer+Instrumentos+de+Viento&font=roboto
265,Selmer TS44 Deluxe 63,Selmer,Instrumentos de Viento,89349.99,20,"Instrumento de viento con afinación estable y respuesta cómoda en todos los registros. Modelo TS44 en color transparente, con acabado deluxe.",https://placehold.co/500x500/1a1a1a/ffffff/png?text=Selmer+Instrumentos+de+Viento&font=roboto
266,Marshall Origin20 Custom 106,Marshall,Amplificadores,35689.99,16,"Amplificador con tono cálido y controles intuitivos, ideal tanto para ensayo como para conciertos. Modelo Origin20 en color rojo cereza, con acabado custom.",https://placehold.co/500x500/1a1a1a/ffffff/png?text=Marshall+Amplificadores&font=roboto
267,Marshall Origin20 Signature 904,Marshall,Amplificadores,13279.99,11,"Amplificador con tono cálido y controles intuitivos, ideal tanto para ensayo como para conciertos. Modelo Origin20 en color transparente, con acabado signature.",https://placehold.co/500x500/1a1a1a/ffffff/png?text=Marshall+Amplificadores&font=roboto
268,Marshall Code Elite 327,Marshall,Amplificadores,58229.99,20,"Amplificador con tono cálido y controles intuitivos, ideal tanto para ensayo como para conciertos. Modelo Code en color rojo cereza, con acabado elite.",https://placehold.co/500x500/1a1a1a/ffffff/png?text=Marshall+Amplificadores&font=roboto
269,Marshall MG Series Elite 735,Marshall,Amplificadores,56599.99,14,"Amplificador con tono cálido y controles intuitivos, ideal tanto para ensayo como para conciertos. Modelo MG Series en color transparente, con acabado elite.",https://placehold.co/500x500/1a1a1a/ffffff/png?text=Marshall+Amplificadores&font=roboto
270,Marshall Code Series 842,Marshall,Amplificadores,12029.99,20,"Amplificador con tono cálido y controles intuitivos, ideal tanto para ensayo como para conciertos. Modelo Code en color rojo cereza, con acabado series.",https://placehold.co/500x500/1a1a1a/ffffff/png?text=Marshall+Amplificadores&font=roboto
271,Marshall Code Custom 530,Marshall,Amplificadores,24909.99,15,"Amplificador con tono cálido y controles intuitivos, ideal tanto para ensayo como para conciertos. Modelo Code en color gris metálico, con acabado custom.",https://placehold.co/500x500/1a1a1a/ffffff/png?text=Marshall+Amplificadores&font=roboto
272,Marshall Origin20 Classic 359,Marshall,Amplificadores,57129.99,17,"Amplificador con tono cálido y controles intuitivos, ideal tanto para ensayo como para conciertos. Modelo Origin20 en color azul océano, con acabado classic.",https://placehold.co/500x500/1a1a1a/ffffff/png?text=Marshall+Amplificadores&font=roboto
273,Marshall JCM800 Plus 168,Marshall,Amplificadores,9249.99,11,"Amplificador con tono cálido y controles intuitivos, ideal tanto para ensayo como para conciertos. Modelo JCM800 en color blanco perla, con acabado plus.",https://placehold.co/500x500/1a1a1a/ffffff/png?text=Marshall+Amplificadores&font=roboto
274,Marshall Code Standard 907,Marshall,Amplificadores,47149.99,12,"Amplificador con tono cálido y controles intuitivos, ideal tanto para ensayo como para conciertos. Modelo Code en color rojo cereza, con acabado standard.",https://placehold.co/500x500/1a1a1a/ffffff/png?text=Marshall+Amplificadores&font=roboto
275,Marshall Code Series 176,Marshall,Amplificadores,14949.99,19,"Amplificador con tono cálido y controles intuitivos, ideal tanto para ensayo como para conciertos. Modelo Code en color blanco perla, con acabado series.",https://placehold.co/500x500/1a1a1a/ffffff/png?text=Marshall+Amplificadores&font=roboto
276,Marshall JCM800 X 430,Marshall,Amplificadores,25039.99,13,"Amplificador con tono cálido y controles intuitivos, ideal tanto para ensayo como para conciertos. Modelo JCM800 en color negro, con acabado x.",https://placehold.co/500x500/1a1a1a/ffffff/png?text=Marshall+Amplificadores&font=roboto
277,Marshall MG Series Vintage 249,Marshall,Amplificadores,34379.99,14,"Amplificador con tono cálido y controles intuitivos, ideal tanto para ensayo como para conciertos. Modelo MG Series en color dorado, con acabado vintage.",https://placehold.co/500x500/1a1a1a/ffffff/png?text=Marshall+Amplificadores&font=roboto
278,Marshall MG Series II 704,Marshall,Amplificadores,57099.99,17,"Amplificador con tono cálido y controles intuitivos, ideal tanto para ensayo como para conciertos. Modelo MG Series en color rojo cereza, con acabado ii.",https://placehold.co/500x500/1a1a1a/ffffff/png?text=Marshall+Amplificadores&font=roboto
279,Marshall MG Series Vintage 524,Marshall,Amplificadores,34019.99,12,"Amplificador con tono cálido y controles intuitivos, ideal tanto para ensayo como para conciertos. Modelo MG Series en color gris metálico, con acabado vintage.",https://placehold.co/500x500/1a1a1a/ffffff/png?text=Marshall+Amplificadores&font=roboto
280,Marshall JCM800 Elite 63,Marshall,Amplificadores,40269.99,15,"Amplificador con tono cálido y controles intuitivos, ideal tanto para ensayo como para conciertos. Modelo JCM800 en color natural, con acabado elite.",https://placehold.co/500x500/1a1a1a/ffffff/png?text=Marshall+Amplificadores&font=roboto
281,Marshall Code Special 881,Marshall,Amplificadores,11859.99,11,"Amplificador con tono cálido y controles intuitivos, ideal tanto para ensayo como para conciertos. Modelo Code en color vino, con acabado special.",https://placehold.co/500x500/1a1a1a/ffffff/png?text=Marshall+Amplificadores&font=roboto
282,Marshall JCM800 Signature 937,Marshall,Amplificadores,33239.99,16,"Amplificador con tono cálido y controles intuitivos, ideal tanto para ensayo como para conciertos. Modelo JCM800 en color dorado, con acabado signature.",https://placehold.co/500x500/1a1a1a/ffffff/png?text=Marshall+Amplificadores&font=roboto
283,Rickenbacker 330 Plus 915,Rickenbacker,Guitarras Eléctricas,55979.99,10,"Guitarra eléctrica con pastillas de alta definición y acabado premium, pensada para escenarios exigentes. Modelo 330 en color dorado, con acabado plus.",https://placehold.co/500x500/1a1a1a/ffffff/png?text=Rickenbacker+Guitarras+Eléctricas&font=roboto
284,Rickenbacker 4003 Bass Standard 524,Rickenbacker,Guitarras Eléctricas,57439.99,16,"Guitarra eléctrica con pastillas de alta definición y acabado premium, pensada para escenarios exigentes. Modelo 4003 Bass en color gris metálico, con acabado standard.",https://placehold.co/500x500/1a1a1a/ffffff/png?text=Rickenbacker+Guitarras+Eléctricas&font=roboto
285,Rickenbacker 330 Studio 38,Rickenbacker,Guitarras Eléctricas,54129.99,11,"Guitarra eléctrica con pastillas de alta definición y acabado premium, pensada para escenarios exigentes. Modelo 330 en color azul océano, con acabado studio.",https://placehold.co/500x500/1a1a1a/ffffff/png?text=Rickenbacker+Guitarras+Eléctricas&font=roboto
286,Rickenbacker 620 Elite 49,Rickenbacker,Guitarras Eléctricas,52219.99,17,"Guitarra eléctrica con pastillas de alta definición y acabado premium, pensada para escenarios exigentes. Modelo 620 en color blanco perla, con acabado elite.",https://placehold.co/500x500/1a1a1a/ffffff/png?text=Rickenbacker+Guitarras+Eléctricas&font=roboto
287,Rickenbacker 360 SE 640,Rickenbacker,Guitarras Eléctricas,35319.99,11,"Guitarra eléctrica con pastillas de alta definición y acabado premium, pensada para escenarios exigentes. Modelo 360 en color dorado, con acabado se.",https://placehold.co/500x500/1a1a1a/ffffff/png?text=Rickenbacker+Guitarras+Eléctricas&font=roboto
288,Rickenbacker 330 Signature 865,Rickenbacker,Guitarras Eléctricas,43979.99,19,"Guitarra eléctrica con pastillas de alta definición y acabado premium, pensada para escenarios exigentes. Modelo 330 en color azul océano, con acabado signature.",https://placehold.co/500x500/1a1a1a/ffffff/png?text=Rickenbacker+Guitarras+Eléctricas&font=roboto
289,Rickenbacker 325 Edition 804,Rickenbacker,Guitarras Eléctricas,52289.99,14,"Guitarra eléctrica con pastillas de alta definición y acabado premium, pensada para escenarios exigentes. Modelo 325 en color sunburst, con acabado edition.",https://placehold.co/500x500/1a1a1a/ffffff/png?text=Rickenbacker+Guitarras+Eléctricas&font=roboto
290,Rickenbacker 330 Standard 439,Rickenbacker,Guitarras Eléctricas,73339.99,19,"Guitarra eléctrica con pastillas de alta definición y acabado premium, pensada para escenarios exigentes. Modelo 330 en color azul océano, con acabado standard.",https://placehold.co/500x500/1a1a1a/ffffff/png?text=Rickenbacker+Guitarras+Eléctricas&font=roboto
291,Rickenbacker 4003 Bass Custom 866,Rickenbacker,Guitarras Eléctricas,89309.99,19,"Guitarra eléctrica con pastillas de alta definición y acabado premium, pensada para escenarios exigentes. Modelo 4003 Bass en color sunburst, con acabado custom.",https://placehold.co/500x500/1a1a1a/ffffff/png?text=Rickenbacker+Guitarras+Eléctricas&font=roboto
292,Rickenbacker 325 Pro 598,Rickenbacker,Guitarras Eléctricas,49519.99,12,"Guitarra eléctrica con pastillas de alta definición y acabado premium, pensada para escenarios exigentes. Modelo 325 en color vino, con acabado pro.",https://placehold.co/500x500/1a1a1a/ffffff/png?text=Rickenbacker+Guitarras+Eléctricas&font=roboto
293,Rickenbacker 620 Edition 639,Rickenbacker,Guitarras Eléctricas,56169.99,19,"Guitarra eléctrica con pastillas de alta definición y acabado premium, pensada para escenarios exigentes. Modelo 620 en color negro, con acabado edition.",https://placehold.co/500x500/1a1a1a/ffffff/png?text=Rickenbacker+Guitarras+Eléctricas&font=roboto
294,Rickenbacker 4003 Bass Classic 546,Rickenbacker,Guitarras Eléctricas,93479.99,11,"Guitarra eléctrica con pastillas de alta definición y acabado premium, pensada para escenarios exigentes. Modelo 4003 Bass en color sunburst, con acabado classic.",https://placehold.co/500x500/1a1a1a/ffffff/png?text=Rickenbacker+Guitarras+Eléctricas&font=roboto
295,Rickenbacker 325 Pro 904,Rickenbacker,Guitarras Eléctricas,63209.99,20,"Guitarra eléctrica con pastillas de alta definición y acabado premium, pensada para escenarios exigentes. Modelo 325 en color gris metálico, con acabado pro.",https://placehold.co/500x500/1a1a1a/ffffff/png?text=Rickenbacker+Guitarras+Eléctricas&font=roboto
296,Rickenbacker 4003 Bass Studio 775,Rickenbacker,Guitarras Eléctricas,35979.99,11,"Guitarra eléctrica con pastillas de alta definición y acabado premium, pensada para escenarios exigentes. Modelo 4003 Bass en color natural, con acabado studio.",https://placehold.co/500x500/1a1a1a/ffffff/png?text=Rickenbacker+Guitarras+Eléctricas&font=roboto
297,Rickenbacker 620 Plus 800,Rickenbacker,Guitarras Eléctricas,69919.99,15,"Guitarra eléctrica con pastillas de alta definición y acabado premium, pensada para escenarios exigentes. Modelo 620 en color sunburst, con acabado plus.",https://placehold.co/500x500/1a1a1a/ffffff/png?text=Rickenbacker+Guitarras+Eléctricas&font=roboto
298,Rickenbacker 360 Standard 569,Rickenbacker,Guitarras Eléctricas,55319.99,20,"Guitarra eléctrica con pastillas de alta definición y acabado premium, pensada para escenarios exigentes. Modelo 360 en color rojo cereza, con acabado standard.",https://placehold.co/500x500/1a1a1a/ffffff/png?text=Rickenbacker+Guitarras+Eléctricas&font=roboto
299,Rickenbacker 360 X 656,Rickenbacker,Guitarras Eléctricas,45939.99,12,"Guitarra eléctrica con pastillas de alta definición y acabado premium, pensada para escenarios exigentes. Modelo 360 en color dorado, con acabado x.",https://placehold.co/500x500/1a1a1a/ffffff/png?text=Rickenbacker+Guitarras+Eléctricas&font=roboto
300,Bösendorfer Model 200 X 310,Bösendorfer,Pianos,842709.99,13,"Piano de calidad profesional con mecanismo de acción refinado, ideal para intérpretes exigentes y espacios de concierto o estudio. Modelo Model 200 en color negro, con acabado x.",https://placehold.co/500x500/1a1a1a/ffffff/png?text=Bösendorfer+Pianos&font=roboto
301,Bösendorfer Model 200 Deluxe 537,Bösendorfer,Pianos,1176989.99,18,"Piano de calidad profesional con mecanismo de acción refinado, ideal para intérpretes exigentes y espacios de concierto o estudio. Modelo Model 200 en color natural, con acabado deluxe.",https://placehold.co/500x500/1a1a1a/ffffff/png?text=Bösendorfer+Pianos&font=roboto
302,Bösendorfer Model 130 Signature 781,Bösendorfer,Pianos,1599739.99,14,"Piano de calidad profesional con mecanismo de acción refinado, ideal para intérpretes exigentes y espacios de concierto o estudio. Modelo Model 130 en color negro, con acabado signature.",https://placehold.co/500x500/1a1a1a/ffffff/png?text=Bösendorfer+Pianos&font=roboto
303,Bösendorfer Model 280 Standard 289,Bösendorfer,Pianos,711609.99,15,"Piano de calidad profesional con mecanismo de acción refinado, ideal para intérpretes exigentes y espacios de concierto o estudio. Modelo Model 280 en color rojo cereza, con acabado standard.",https://placehold.co/500x500/1a1a1a/ffffff/png?text=Bösendorfer+Pianos&font=roboto
304,Bösendorfer Model 130 Series 926,Bösendorfer,Pianos,2126019.99,15,"Piano de calidad profesional con mecanismo de acción refinado, ideal para intérpretes exigentes y espacios de concierto o estudio. Modelo Model 130 en color dorado, con acabado series.",https://placehold.co/500x500/1a1a1a/ffffff/png?text=Bösendorfer+Pianos&font=roboto
305,Bösendorfer Model 214VC SE 386,Bösendorfer,Pianos,2071329.99,18,"Piano de calidad profesional con mecanismo de acción refinado, ideal para intérpretes exigentes y espacios de concierto o estudio. Modelo Model 214VC en color dorado, con acabado se.",https://placehold.co/500x500/1a1a1a/ffffff/png?text=Bösendorfer+Pianos&font=roboto
306,Bösendorfer Model 280 Custom 90,Bösendorfer,Pianos,1232039.99,12,"Piano de calidad profesional con mecanismo de acción refinado, ideal para intérpretes exigentes y espacios de concierto o estudio. Modelo Model 280 en color gris metálico, con acabado custom.",https://placehold.co/500x500/1a1a1a/ffffff/png?text=Bösendorfer+Pianos&font=roboto
307,Bösendorfer Model 280 Deluxe 91,Bösendorfer,Pianos,1057469.99,14,"Piano de calidad profesional con mecanismo de acción refinado, ideal para intérpretes exigentes y espacios de concierto o estudio. Modelo Model 280 en color sunburst, con acabado deluxe.",https://placehold.co/500x500/1a1a1a/ffffff/png?text=Bösendorfer+Pianos&font=roboto
308,Bösendorfer Model 280 X 744,Bösendorfer,Pianos,1224399.99,17,"Piano de calidad profesional con mecanismo de acción refinado, ideal para intérpretes exigentes y espacios de concierto o estudio. Modelo Model 280 en color transparente, con acabado x.",https://placehold.co/500x500/1a1a1a/ffffff/png?text=Bösendorfer+Pianos&font=roboto
309,Bösendorfer Model 280 X 754,Bösendorfer,Pianos,1979069.99,15,"Piano de calidad profesional con mecanismo de acción refinado, ideal para intérpretes exigentes y espacios de concierto o estudio. Modelo Model 280 en color negro, con acabado x.",https://placehold.co/500x500/1a1a1a/ffffff/png?text=Bösendorfer+Pianos&font=roboto
310,Bösendorfer Model 130 Signature 86,Bösendorfer,Pianos,1641019.99,16,"Piano de calidad profesional con mecanismo de acción refinado, ideal para intérpretes exigentes y espacios de concierto o estudio. Modelo Model 130 en color negro, con acabado signature.",https://placehold.co/500x500/1a1a1a/ffffff/png?text=Bösendorfer+Pianos&font=roboto
311,Bösendorfer Model 280 Classic 156,Bösendorfer,Pianos,1942739.99,20,"Piano de calidad profesional con mecanismo de acción refinado, ideal para intérpretes exigentes y espacios de concierto o estudio. Modelo Model 280 en color negro, con acabado classic.",https://placehold.co/500x500/1a1a1a/ffffff/png?text=Bösendorfer+Pianos&font=roboto
312,Bösendorfer Model 130 Standard 78,Bösendorfer,Pianos,901199.99,20,"Piano de calidad profesional con mecanismo de acción refinado, ideal para intérpretes exigentes y espacios de concierto o estudio. Modelo Model 130 en color blanco perla, con acabado standard.",https://placehold.co/500x500/1a1a1a/ffffff/png?text=Bösendorfer+Pianos&font=roboto
313,Bösendorfer Model 280 Studio 982,Bösendorfer,Pianos,1464319.99,19,"Piano de calidad profesional con mecanismo de acción refinado, ideal para intérpretes exigentes y espacios de concierto o estudio. Modelo Model 280 en color gris metálico, con acabado studio.",https://placehold.co/500x500/1a1a1a/ffffff/png?text=Bösendorfer+Pianos&font=roboto
314,Bösendorfer Model 214VC X 390,Bösendorfer,Pianos,1254699.99,11,"Piano de calidad profesional con mecanismo de acción refinado, ideal para intérpretes exigentes y espacios de concierto o estudio. Modelo Model 214VC en color rojo cereza, con acabado x.",https://placehold.co/500x500/1a1a1a/ffffff/png?text=Bösendorfer+Pianos&font=roboto
315,Bösendorfer Model 214VC Studio 331,Bösendorfer,Pianos,1604259.99,13,"Piano de calidad profesional con mecanismo de acción refinado, ideal para intérpretes exigentes y espacios de concierto o estudio. Modelo Model 214VC en color gris metálico, con acabado studio.",https://placehold.co/500x500/1a1a1a/ffffff/png?text=Bösendorfer+Pianos&font=roboto
316,Bösendorfer Model 200 Pro 521,Bösendorfer,Pianos,1380169.99,18,"Piano de calidad profesional con mecanismo de acción refinado, ideal para intérpretes exigentes y espacios de concierto o estudio. Modelo Model 200 en color blanco perla, con acabado pro.",https://placehold.co/500x500/1a1a1a/ffffff/png?text=Bösendorfer+Pianos&font=roboto
317,Moog Subsequent 37 Signature 730,Moog,Sintetizadores,46809.99,19,"Sintetizador con motor de sonido versátil, ideal para producción musical moderna y presentaciones en vivo. Modelo Subsequent 37 en color natural, con acabado signature.",https://placehold.co/500x500/1a1a1a/ffffff/png?text=Moog+Sintetizadores&font=roboto
318,Moog Grandmother SE 135,Moog,Sintetizadores,22589.99,11,"Sintetizador con motor de sonido versátil, ideal para producción musical moderna y presentaciones en vivo. Modelo Grandmother en color azul océano, con acabado se.",https://placehold.co/500x500/1a1a1a/ffffff/png?text=Moog+Sintetizadores&font=roboto
319,Moog Matriarch Classic 99,Moog,Sintetizadores,75229.99,15,"Sintetizador con motor de sonido versátil, ideal para producción musical moderna y presentaciones en vivo. Modelo Matriarch en color dorado, con acabado classic.",https://placehold.co/500x500/1a1a1a/ffffff/png?text=Moog+Sintetizadores&font=roboto
320,Moog DFAM Studio 573,Moog,Sintetizadores,54289.99,14,"Sintetizador con motor de sonido versátil, ideal para producción musical moderna y presentaciones en vivo. Modelo DFAM en color sunburst, con acabado studio.",https://placehold.co/500x500/1a1a1a/ffffff/png?text=Moog+Sintetizadores&font=roboto
321,Moog Minimoog Model D Classic 530,Moog,Sintetizadores,29499.99,13,"Sintetizador con motor de sonido versátil, ideal para producción musical moderna y presentaciones en vivo. Modelo Minimoog Model D en color rojo cereza, con acabado classic.",https://placehold.co/500x500/1a1a1a/ffffff/png?text=Moog+Sintetizadores&font=roboto
322,Moog Minimoog Model D Plus 36,Moog,Sintetizadores,40149.99,19,"Sintetizador con motor de sonido versátil, ideal para producción musical moderna y presentaciones en vivo. Modelo Minimoog Model D en color dorado, con acabado plus.",https://placehold.co/500x500/1a1a1a/ffffff/png?text=Moog+Sintetizadores&font=roboto
323,Moog Grandmother X 142,Moog,Sintetizadores,59739.99,11,"Sintetizador con motor de sonido versátil, ideal para producción musical moderna y presentaciones en vivo. Modelo Grandmother en color vino, con acabado x.",https://placehold.co/500x500/1a1a1a/ffffff/png?text=Moog+Sintetizadores&font=roboto
324,Moog Subsequent 37 Vintage 744,Moog,Sintetizadores,68079.99,18,"Sintetizador con motor de sonido versátil, ideal para producción musical moderna y presentaciones en vivo. Modelo Subsequent 37 en color gris metálico, con acabado vintage.",https://placehold.co/500x500/1a1a1a/ffffff/png?text=Moog+Sintetizadores&font=roboto
325,Moog Matriarch Edition 85,Moog,Sintetizadores,21779.99,15,"Sintetizador con motor de sonido versátil, ideal para producción musical moderna y presentaciones en vivo. Modelo Matriarch en color transparente, con acabado edition.",https://placehold.co/500x500/1a1a1a/ffffff/png?text=Moog+Sintetizadores&font=roboto
326,Moog DFAM Custom 487,Moog,Sintetizadores,65049.99,15,"Sintetizador con motor de sonido versátil, ideal para producción musical moderna y presentaciones en vivo. Modelo DFAM en color dorado, con acabado custom.",https://placehold.co/500x500/1a1a1a/ffffff/png?text=Moog+Sintetizadores&font=roboto
327,Moog Minimoog Model D Classic 453,Moog,Sintetizadores,51229.99,10,"Sintetizador con motor de sonido versátil, ideal para producción musical moderna y presentaciones en vivo. Modelo Minimoog Model D en color blanco perla, con acabado classic.",https://placehold.co/500x500/1a1a1a/ffffff/png?text=Moog+Sintetizadores&font=roboto
328,Moog Subsequent 37 Elite 178,Moog,Sintetizadores,24639.99,13,"Sintetizador con motor de sonido versátil, ideal para producción musical moderna y presentaciones en vivo. Modelo Subsequent 37 en color natural, con acabado elite.",https://placehold.co/500x500/1a1a1a/ffffff/png?text=Moog+Sintetizadores&font=roboto
329,Moog Grandmother Vintage 266,Moog,Sintetizadores,27319.99,18,"Sintetizador con motor de sonido versátil, ideal para producción musical moderna y presentaciones en vivo. Modelo Grandmother en color sunburst, con acabado vintage.",https://placehold.co/500x500/1a1a1a/ffffff/png?text=Moog+Sintetizadores&font=roboto
330,Moog Grandmother Elite 639,Moog,Sintetizadores,53619.99,18,"Sintetizador con motor de sonido versátil, ideal para producción musical moderna y presentaciones en vivo. Modelo Grandmother en color natural, con acabado elite.",https://placehold.co/500x500/1a1a1a/ffffff/png?text=Moog+Sintetizadores&font=roboto
331,Moog DFAM Classic 974,Moog,Sintetizadores,57299.99,12,"Sintetizador con motor de sonido versátil, ideal para producción musical moderna y presentaciones en vivo. Modelo DFAM en color transparente, con acabado classic.",https://placehold.co/500x500/1a1a1a/ffffff/png?text=Moog+Sintetizadores&font=roboto
332,Moog DFAM Deluxe 52,Moog,Sintetizadores,76369.99,10,"Sintetizador con motor de sonido versátil, ideal para producción musical moderna y presentaciones en vivo. Modelo DFAM en color transparente, con acabado deluxe.",https://placehold.co/500x500/1a1a1a/ffffff/png?text=Moog+Sintetizadores&font=roboto
333,Moog Subsequent 37 Standard 281,Moog,Sintetizadores,62789.99,19,"Sintetizador con motor de sonido versátil, ideal para producción musical moderna y presentaciones en vivo. Modelo Subsequent 37 en color transparente, con acabado standard.",https://placehold.co/500x500/1a1a1a/ffffff/png?text=Moog+Sintetizadores&font=roboto
334,Sennheiser EW 100 Pro 920,Sennheiser,Micrófonos,19269.99,14,"Micrófono profesional con captación clara y consistente, apto para voz e instrumentos en estudio o en vivo. Modelo EW 100 en color dorado, con acabado pro.",https://placehold.co/500x500/1a1a1a/ffffff/png?text=Sennheiser+Micrófonos&font=roboto
335,Sennheiser HD 280 Pro SE 834,Sennheiser,Audio,17939.99,16,"Equipo de audio profesional pensado para monitoreo y grabación con fidelidad de estudio. Modelo HD 280 Pro en color azul océano, con acabado se.",https://placehold.co/500x500/1a1a1a/ffffff/png?text=Sennheiser+Audio&font=roboto
336,Sennheiser MD 421 X 715,Sennheiser,Micrófonos,2929.99,17,"Micrófono profesional con captación clara y consistente, apto para voz e instrumentos en estudio o en vivo. Modelo MD 421 en color sunburst, con acabado x.",https://placehold.co/500x500/1a1a1a/ffffff/png?text=Sennheiser+Micrófonos&font=roboto
337,Sennheiser MKE 200 SE 218,Sennheiser,Audio,8079.99,12,"Equipo de audio profesional pensado para monitoreo y grabación con fidelidad de estudio. Modelo MKE 200 en color dorado, con acabado se.",https://placehold.co/500x500/1a1a1a/ffffff/png?text=Sennheiser+Audio&font=roboto
338,Sennheiser MD 421 Deluxe 418,Sennheiser,Micrófonos,4969.99,15,"Micrófono profesional con captación clara y consistente, apto para voz e instrumentos en estudio o en vivo. Modelo MD 421 en color rojo cereza, con acabado deluxe.",https://placehold.co/500x500/1a1a1a/ffffff/png?text=Sennheiser+Micrófonos&font=roboto
339,Sennheiser HD 25 Deluxe 487,Sennheiser,Audio,3489.99,17,"Equipo de audio profesional pensado para monitoreo y grabación con fidelidad de estudio. Modelo HD 25 en color azul océano, con acabado deluxe.",https://placehold.co/500x500/1a1a1a/ffffff/png?text=Sennheiser+Audio&font=roboto
340,Sennheiser e945 Elite 61,Sennheiser,Micrófonos,9559.99,16,"Micrófono profesional con captación clara y consistente, apto para voz e instrumentos en estudio o en vivo. Modelo e945 en color sunburst, con acabado elite.",https://placehold.co/500x500/1a1a1a/ffffff/png?text=Sennheiser+Micrófonos&font=roboto
341,Sennheiser MKE 200 Plus 843,Sennheiser,Audio,7809.99,19,"Equipo de audio profesional pensado para monitoreo y grabación con fidelidad de estudio. Modelo MKE 200 en color blanco perla, con acabado plus.",https://placehold.co/500x500/1a1a1a/ffffff/png?text=Sennheiser+Audio&font=roboto
342,Sennheiser MD 421 II 520,Sennheiser,Micrófonos,29889.99,17,"Micrófono profesional con captación clara y consistente, apto para voz e instrumentos en estudio o en vivo. Modelo MD 421 en color blanco perla, con acabado ii.",https://placehold.co/500x500/1a1a1a/ffffff/png?text=Sennheiser+Micrófonos&font=roboto
343,Sennheiser MKE 200 Vintage 33,Sennheiser,Audio,2809.99,16,"Equipo de audio profesional pensado para monitoreo y grabación con fidelidad de estudio. Modelo MKE 200 en color dorado, con acabado vintage.",https://placehold.co/500x500/1a1a1a/ffffff/png?text=Sennheiser+Audio&font=roboto
344,Sennheiser EW 100 Plus 607,Sennheiser,Micrófonos,11369.99,10,"Micrófono profesional con captación clara y consistente, apto para voz e instrumentos en estudio o en vivo. Modelo EW 100 en color azul océano, con acabado plus.",https://placehold.co/500x500/1a1a1a/ffffff/png?text=Sennheiser+Micrófonos&font=roboto
345,Sennheiser HD 280 Pro SE 913,Sennheiser,Audio,18689.99,20,"Equipo de audio profesional pensado para monitoreo y grabación con fidelidad de estudio. Modelo HD 280 Pro en color transparente, con acabado se.",https://placehold.co/500x500/1a1a1a/ffffff/png?text=Sennheiser+Audio&font=roboto
346,Sennheiser EW 100 Vintage 18,Sennheiser,Micrófonos,25599.99,16,"Micrófono profesional con captación clara y consistente, apto para voz e instrumentos en estudio o en vivo. Modelo EW 100 en color vino, con acabado vintage.",https://placehold.co/500x500/1a1a1a/ffffff/png?text=Sennheiser+Micrófonos&font=roboto
347,Sennheiser Profile Signature 792,Sennheiser,Audio,9409.99,10,"Equipo de audio profesional pensado para monitoreo y grabación con fidelidad de estudio. Modelo Profile en color rojo cereza, con acabado signature.",https://placehold.co/500x500/1a1a1a/ffffff/png?text=Sennheiser+Audio&font=roboto
348,Sennheiser EW 100 Standard 585,Sennheiser,Micrófonos,6809.99,18,"Micrófono profesional con captación clara y consistente, apto para voz e instrumentos en estudio o en vivo. Modelo EW 100 en color transparente, con acabado standard.",https://placehold.co/500x500/1a1a1a/ffffff/png?text=Sennheiser+Micrófonos&font=roboto
349,Sennheiser HD 280 Pro Custom 526,Sennheiser,Audio,10409.99,18,"Equipo de audio profesional pensado para monitoreo y grabación con fidelidad de estudio. Modelo HD 280 Pro en color gris metálico, con acabado custom.",https://placehold.co/500x500/1a1a1a/ffffff/png?text=Sennheiser+Audio&font=roboto
350,Sennheiser MD 421 Special 109,Sennheiser,Micrófonos,12549.99,15,"Micrófono profesional con captación clara y consistente, apto para voz e instrumentos en estudio o en vivo. Modelo MD 421 en color blanco perla, con acabado special.",https://placehold.co/500x500/1a1a1a/ffffff/png?text=Sennheiser+Micrófonos&font=roboto
